addr:postcode,addr:street,addr:city
80135,Corso Vittorio Emanuele,Napoli
80131,Viale Colli Aminei,Napoli
80142,Piazza Garibaldi Giuseppe,Napoli
80121,Corso Vittorio Emanuele,Napoli
80121,Vía Chiaia,Napoli
80135,Via San Domenico Soriano,
80134,Via Diodato Lioy,Napoli
80142,Corso Giuseppe Garibaldi,Napoli
80123,Via Francesco Caracciolo,Napoli
80142,Piazza Giuseppe Garibaldi,Napoli
80121,Corso Vittorio Emanuele,Napoli
80132,Via Chiaia,Napoli
80132,Salita Sant'Anna di Palazzo,
80144,Corso Secondigliano,Napoli
80100,Via Maurizio De Vito Piscicelli,Napoli
80125,Viale J. F. Kennedy,Napoli
80139,Corso Giuseppe Garibaldi,Napoli
80128,Via Marino e Cotronei,Napoli
80142,,Napoli
80142,Via Milano,Napoli
80133,Via Santa Brigida,Napoli
80132,Via San Carlo,Napoli
80132,Via Santa Brigida,Napoli
80132,Galleria Umberto I,Napoli
80123,Via Francesco Petrarca,Napoli
80142,Piazza Giuseppe Garibaldi,Napoli
80142,Vico Ferrovia,Napoli
80139,Via Pasquale Stanislao Mancini,
80135,Salita Pontecorvo,
80135,Vico Lungo Pontecorvo,Napoli
80121,Via Chiaia,Napoli
80134,Via San Giovanni Maggiore Pignatelli,Napoli
80133,Via Monteoliveto,Napoli
80134,Via Toledo,Napoli
80132,Via Toledo,Napoli
80133,Via G. Melisurgo,Napoli
80133,Via Guglielmo Melisurgo,Napoli
80138,Corso Umberto Primo,Napoli
80132,Via San Carlo,Napoli
80133,Via San Carlo,Napoli
80133,Via Santa Brigida,Napoli
80133,Via Santa Brigida,Napoli
80134,Via Toledo,Napoli
80133,Via dei Greci,Napoli
80133,Via dei Fiorentini,Napoli
80133,Via Toledo,Napoli
80132,Via Nardones,Napoli
80138,vico Luigi De Creccio,Napoli
80133,Via Alcide De Gasperi,
80131,Via San Giacomo dei Capri,Napoli
80131,Via San Giacomo dei Capri,
80139,Via Pasquale Stanislao Mancini,Napoli
80134,Piazza San Domenico Maggiore,Napoli
80134,Via Benedetto Croce,Napoli
80134,Piazzetta Nilo,Napoli
80124,Via Nuova Agnano,Napoli
80125,Via Nuova Agnano,Napoli
80124,Via Nuova Agnano,Napoli
80124,Via Bagnoli,Napoli
80125,Via Nuova Agnano,Napoli
80142,Piazza Garibaldi,
80142,Corso Arnaldo Lucci,Napoli
80139,Via Pietro Colletta,Napoli
80138,Via dei Tribunali,Napoli
80138,Via dei Tribunali,
80145,Corso Marianella,Napoli
80145,Via Don Pino Puglisi,Napoli
80100,Via Pedamentina San Martino,Napoli
80133,Via San Carlo,Napoli
80142,Piazza Giuseppe Garibaldi,Napoli
80126,Via Adriano,Napoli
80142,Via Milano,Napoli
80133,Via Monteoliveto,Napoli
80142,Via Giulio Cesare Capaccio,Napoli
80125,Via Nuova di Nisida,Napoli
80142,Via Bologna,Napoli
80131,Via Bosco di Capodimonte,Napoli
80121,Via Partenope,Napoli
80132,Vico del Grottone,Napoli
80132,Via Toledo,Napoli
80147,Via Angelo Camillo De Meis,Ponticelli
80147,Via Angelo Camillo De Meis,Ponticelli
80147,Via Angelo Camillo De Meis,Ponticelli
80138,Vico Santa Luciella,Napoli
80134,Calata Trinità Maggiore,Napoli
80132,Via Chiaia,Napoli
80121,Via Chiaia,Napoli
80132,Piazza Trieste e Trento,Napoli
80122,Via Francesco Caracciolo,Napoli
80121,Via Chiatamone,Napoli
80132,Via San Carlo,Napoli
80121,Via dei Mille,Napoli
80132,Piazza Trieste e Trento,Napoli
80127,Via Domenico Cimarosa,Napoli
80133,Piazza Municipio,Napoli
80133,Via dei Fiorentini,Napoli
80134,Via Toledo,Napoli
80134,Via Toledo,Napoli
80132,Via Toledo,Napoli
80132,Piazzetta Concordia,Napoli
80133,Via Paolo Emilio Imbriani,Napoli
80128,Via Gino Doria,Napoli
80127,Viale Albino Albini,Napoli
80129,Piazza Francesco Muzii,Napoli
80125,Piazza Gabriele D'Annunzio,
80137,Via Foria,Napoli
80131,Strada Comunale Guantai ad Orsolone,Santa Croce
80132,Via Carlo De Cesare,Napoli
80121,Via San Pasquale a Chiaia,
80132,Via Carlo De Cesare,Napoli
80132,Piazza Trieste e Trento,Napoli
80132,Via Nardones,Napoli
80125,Viale Giochi del Mediterraneo,Napoli
80131,,Napoli
80131,Via Bernardo Cavallino,Napoli
80132,Vico del Grottone,Napoli
80132,Via Chiaia,Napoli
80132,Via Chiaia,Napoli
80132,Via Chiaia,Napoli
80132,Via Nardones,Napoli
80132,Via Chiaia,Napoli
80129,Via Mario Fiore,Napoli
80132,Galleria Umberto I,Napoli
80132,Via Nardones,Napoli
80132,Via Nardones,Napoli
80121,Piazzetta Giulio Rodinò,
80135,Via Vincenzo Bellini,Napoli
80135,Via Francesco Saverio Correra,
40121,Via Santa Maria di Costantinopoli,
80121,Via Giuseppe Martucci,Napoli
80121,Villa comunale,Napoli NA
80132,Piazza Trieste e Trento,Napoli
80134,Via Montecalvario,Napoli
80123,Piazza Jacopo Sannazaro,Napoli
80132,Via Speranzella,Napoli
80128,Via Giacinto Gigante,Napoli
80134,Piazzetta di Porto,Napoli
80138,Via Porta San Gennaro,Napoli
80122,Via Ferdinando Galliani,Napoli
80137,Via Arena della Sanità,Napoli
80137,Via Michele Tenore,Napoli
80139,Via Foria,Napoli
80134,Via Toledo,Napoli
80129,Via Michele Kerbaker,Napoli
80127,Via Domenico Cimarosa,Napoli
80132,Via Sergente Maggiore,Napoli
80128,Via Saverio Altamura,Napoli
80132,Via Giovanni Nicotera,Napoli
80126,Via Michelangelo da Caravaggio,Napoli
80139,Via Giudecca Vecchia,Napoli
80132,Via Toledo,Napoli
80132,Galleria Umberto I,Napoli
80132,Borgo Marinari,Napoli
80132,Via Toledo,Napoli
80137,Via Arena della Sanità,Napoli
80129,Via Gianlorenzo Bernini,Napoli
80136,Via Materdei,Napoli
80138,Via Giovanni Paladino,Napoli
80134,Via Mezzocannone,Napoli
80121,Via Santa Teresa a Chiaia,Napoli
80135,Corso Vittorio Emanuele,Napoli
80134,Via Pignasecca,Napoli
80137,Via Foria,Napoli
80134,Via Pignasecca,Napoli
80138,Corso Umberto Primo,Napoli
80100,Corso Umberto Primo,Napoli
80138,Via Duomo,Napoli
80122,Via Ferdinando Palasciano,Napoli
80134,Via Montecalvario,
80139,Via Domenico Cirillo,Napoli
80132,Vico Maddalenella degli Spagnoli,Napoli
80133,Via Incoronata,Napoli
80125,Piazzale Vincenzo Tecchio,Napoli
80132,Piazza Trieste e Trento,Napoli
80139,Via Pietro Colletta,
80132,Via Speranzella,Napoli
80121,Via Domenico Morelli,Napoli
80138,Via San Biagio dei Librai,Napoli
80134,Via Forno Vecchio,Napoli
80134,Via Forno Vecchio,Napoli
80134,Via Forno Vecchio,Napoli
80134,Via Pasquale Scura,Napoli
80134,Via Emanuele de Deo,Napoli
80137,Via Misericordiella,Napoli
80127,Via Luca Giordano,Napoli
80127,Via Luca Giordano,Napoli
80137,Via Foria,Napoli
80138,Via Padre Luigi Tosti,Napoli
80132,Galleria Umberto I,Napoli
80134,Piazza Carità,Napoli
80137,Via Foria,
80138,Via San Biagio dei Librai,
80141,Via Eleonora Pimentel Fonseca,Napoli
80134,Calata Trinità Maggiore,
80139,Via Pietro Colletta,Napoli
80100,Vico II Alabardieri,
80134,Via Santa Chiara,Napoli
80132,Vico Lungo Gelso,Napoli
80139,Via Carbonara,Napoli
80132,Via Toledo,Napoli
80134,Vico Giardinetto,
80147,Via Angelo Camillo De Meis,
80121,Vico II Alabardieri,
80133,Via Cristoforo Colombo,
80142,Via Silvio Spaventa,
80138,Via Duomo,
80134,Via Toledo,Napoli
80132,Via Toledo,Napoli
80132,Via Carlo De Cesare,Napoli
80132,Vico Tre Re a Toledo,Napoli
80138,Via dei Tribunali,Napoli
80100,Via Benedetto Croce,Napoli
80134,Piazza San Domenico Maggiore,Napoli
80143,Via Benedetto Croce,Napoli
80133,Via Toledo,Napoli
80134,Via Santa Chiara,
80138,Corso Umberto Primo,
80139,Via Nuova del Teatro San Ferdinando,
80134,Via dei Tribunali,Napoli
80131,Via Sant'Antonio a Capodimonte,Napoli
80121,Via Vannella Gaetani,
80132,Piazza Trieste e Trento,Napoli
80136,Via Leone Marsicano,
80132,Piazza Trieste e Trento,Napoli
80132,Piazza Trieste e Trento,Napoli
80132,Via San Carlo,Napoli
80132,Piazza Trieste e Trento,Napoli
80132,Piazza Trieste e Trento,Napoli
80132,Piazza Trieste e Trento,Napoli
80132,Piazza Trieste e Trento,Napoli
80132,Piazza Trieste e Trento,Napoli
80132,Piazza Trieste e Trento,Napoli
80132,Piazza Trieste e Trento,Napoli
80132,Piazza Trieste e Trento,Napoli
80132,Via Toledo,Napoli
80132,Via Toledo,Napoli
80132,Via Toledo,Napoli
80132,Via Toledo,Napoli
80132,Via Toledo,Napoli
80132,Via Toledo,Napoli
80132,Via Toledo,Napoli
80132,Via Toledo,Napoli
80132,Via Toledo,Napoli
80132,Via Toledo,Napoli
80132,Via Toledo,Napoli
80132,Via Toledo,Napoli
80132,Via Toledo,Napoli
80132,Galleria Umberto I,Napoli
80132,Via Toledo,Napoli
80132,Via Toledo,Napoli
80132,Via Toledo,Napoli
80132,Via Toledo,Napoli
80132,Via Toledo,Napoli
80132,Via Toledo,Napoli
80132,Via Toledo,Napoli
80132,Via Toledo,Napoli
80132,Vico Berio,Napoli
80136,Largo Gaspare Colosimo,
80133,Via dei Greci,Napoli
80132,Via Toledo,Napoli
80132,Via Toledo,Napoli
80132,Via Toledo,Napoli
80132,Via Toledo,Napoli
80132,Via Toledo,Napoli
80132,Via Toledo,Napoli
80132,Via Toledo,Napoli
80132,Via Toledo,Napoli
80132,Via Toledo,Napoli
80132,Piazzetta Duca d'Aosta,Napoli
80132,Via Toledo,Napoli
80132,Via Toledo,Napoli
80132,Via Toledo,Napoli
80132,Via Toledo,Napoli
80132,Via Toledo,Napoli
80132,Via Toledo,Napoli
80132,Via Toledo,Napoli
80132,Via Toledo,Napoli
80138,Via San Pietro a Maiella,Napoli
80132,Via Santa Brigida,Napoli
80132,Via Santa Brigida,Napoli
80132,Via Santa Brigida,Napoli
80132,Via Santa Brigida,Napoli
80132,Via Santa Brigida,Napoli
80132,Via Santa Brigida,Napoli
80132,Via Santa Brigida,Napoli
80132,Via Santa Brigida,Napoli
80132,Via Santa Brigida,Napoli
80132,Via Santa Brigida,Napoli
80132,Via Santa Brigida,Napoli
80132,Via Toledo,Napoli
80132,Via Santa Brigida,Napoli
80132,Via Santa Brigida,Napoli
80132,Via Santa Brigida,Napoli
80132,Via Santa Brigida,Napoli
80132,Via Santa Brigida,Napoli
80132,Via Santa Brigida,Napoli
80132,Via Santa Brigida,Napoli
80132,Via Santa Brigida,Napoli
80132,Via Santa Brigida,Napoli
80132,Via Santa Brigida,Napoli
80132,Via Santa Brigida,Napoli
80132,Via Giuseppe Verdi,Napoli
80132,Via Santa Brigida,Napoli
80133,Via Santa Brigida,Napoli
80133,Via Santa Brigida,Napoli
80133,Via Santa Brigida,Napoli
80132,Via Santa Brigida,Napoli
80133,Via Santa Brigida,Napoli
80133,Via Santa Brigida,Napoli
80133,Via Santa Brigida,Napoli
80133,Via Santa Brigida,Napoli
80133,Via Santa Brigida,Napoli
80133,Via Santa Brigida,Napoli
80133,Via Vittorio Emanuele III,Napoli
80132,Via San Carlo,Napoli
80132,Via San Carlo,Napoli
80132,Via San Carlo,Napoli
80132,Via San Carlo,Napoli
80132,Via San Carlo,Napoli
80132,Via San Carlo,Napoli
80132,Via San Carlo,Napoli
80132,Via San Carlo,Napoli
80132,Via San Carlo,Napoli
80132,Via San Carlo,Napoli
80132,Via San Carlo,Napoli
80133,Via San Carlo,Napoli
80132,Via San Carlo,Napoli
80133,Via San Carlo,Napoli
80132,Via San Carlo,Napoli
80133,Via Vittorio Emanuele III,Napoli
80125,Via Giulio Cesare,Napoli
80133,Via Giuseppe Verdi,Napoli
80132,Via Giuseppe Verdi,Napoli
80132,Via Giuseppe Verdi,Napoli
80132,Via Giuseppe Verdi,Napoli
80132,Via Giuseppe Verdi,Napoli
80133,Via Giuseppe Verdi,Napoli
80132,Via Giuseppe Verdi,Napoli
80132,Via Santa Brigida,Napoli
80132,Via Santa Brigida,Napoli
80132,Via Santa Brigida,Napoli
80132,Via Santa Brigida,Napoli
80132,Via Santa Brigida,Napoli
80132,Via Santa Brigida,Napoli
80132,Via Santa Brigida,Napoli
80133,Via Giuseppe Verdi,Napoli
80133,Via Giuseppe Verdi,Napoli
80133,Via Giuseppe Verdi,Napoli
80133,Via Giuseppe Verdi,Napoli
80133,Via Giuseppe Verdi,Napoli
80133,Via Santa Brigida,Napoli
80133,Via Giuseppe Verdi,Napoli
80133,Via Giuseppe Verdi,Napoli
80133,Via Giuseppe Verdi,Napoli
80133,Via Giuseppe Verdi,Napoli
80133,Piazza Municipio,Napoli
80133,Piazza Municipio,Napoli
80133,Piazza Municipio,Napoli
80133,Piazza Municipio,Napoli
80133,Piazza Municipio,Napoli
80133,Piazza Municipio,Napoli
80133,Piazza Municipio,Napoli
80133,Piazza Municipio,Napoli
80133,Piazza Municipio,Napoli
80133,Piazza Municipio,Napoli
80133,Piazza Municipio,Napoli
80133,Piazza Municipio,Napoli
80133,Piazza Municipio,Napoli
80133,Piazza Municipio,Napoli
80133,Piazza Municipio,Napoli
80133,Piazza Municipio,Napoli
80133,Via Vittorio Emanuele III,Napoli
80133,Via Vittorio Emanuele III,Napoli
80133,Via Vittorio Emanuele III,Napoli
80133,Piazza Municipio,Napoli
80133,Piazza Municipio,Napoli
80133,Piazza Municipio,Napoli
80133,Piazza Municipio,Napoli
80133,Piazza Municipio,Napoli
80133,Piazza Municipio,Napoli
80133,Piazza Municipio,Napoli
80133,Via Vittorio Emanuele III,Napoli
80133,Via Vittorio Emanuele III,Napoli
80133,Via Vittorio Emanuele III,Napoli
80133,Via Vittorio Emanuele III,Napoli
80133,Piazza Municipio,Napoli
80133,Piazza Municipio,Napoli
80133,Piazza Municipio,Napoli
80133,Piazza Municipio,Napoli
80133,Piazza Municipio,Napoli
80133,Piazza Municipio,Napoli
80133,Piazza Municipio,Napoli
80133,Piazza Municipio,Napoli
80133,Piazza Municipio,Napoli
80133,Piazza Municipio,Napoli
80133,Piazza Municipio,Napoli
80133,Piazza Municipio,Napoli
80133,Piazza Municipio,Napoli
80133,Piazza Municipio,Napoli
80133,Piazza Municipio,Napoli
80132,Via Toledo,Napoli
80132,Via Toledo,Napoli
80132,Via Toledo,Napoli
80132,Via Toledo,Napoli
80132,Via Toledo,Napoli
80132,Via Toledo,Napoli
80132,Via Toledo,Napoli
80132,Via Toledo,Napoli
80132,Via Toledo,Napoli
80132,Via Toledo,Napoli
80132,Via Toledo,Napoli
80132,Via Toledo,Napoli
80132,Via Toledo,Napoli
80132,Via Toledo,Napoli
80132,Via Toledo,Napoli
80132,Via Toledo,Napoli
80132,Via Toledo,Napoli
80132,Via Paolo Emilio Imbriani,Napoli
80133,Via Paolo Emilio Imbriani,Napoli
80132,Vico Corrieri a Santa Brigida,Napoli
80133,Via Paolo Emilio Imbriani,Napoli
80133,Via Paolo Emilio Imbriani,Napoli
80133,Via Paolo Emilio Imbriani,Napoli
80133,Via Paolo Emilio Imbriani,Napoli
80132,Via Toledo,Napoli
80132,Via Toledo,Napoli
80132,Via Toledo,Napoli
80132,Via Toledo,Napoli
80132,Via Toledo,Napoli
80132,Vico Tre Re a Toledo,Napoli
80132,Via Toledo,Napoli
80132,Via Toledo,Napoli
80132,Via Toledo,Napoli
80132,Via Toledo,Napoli
80134,Via Toledo,Napoli
80134,Via Toledo,Napoli
80134,Via Toledo,Napoli
80134,Via Toledo,Napoli
80134,Via Toledo,Napoli
80134,Via Toledo,Napoli
80133,Via Toledo,Napoli
80134,Via Toledo,Napoli
80134,Via Toledo,Napoli
80134,Via Toledo,Napoli
80134,Vico San Sepolcro,Napoli
80133,Via Toledo,Napoli
80133,Via Toledo,Napoli
80134,Via Toledo,Napoli
80134,Via Toledo,Napoli
80133,Via Toledo,Napoli
80134,Via Portacarrese a Montecalvario,Napoli
80133,Via Miguel Cervantes de Savedra,Napoli
80133,Via San Giacomo,Napoli
80133,Via San Giacomo,Napoli
80133,Via San Giacomo,Napoli
80133,Via San Giacomo,Napoli
80133,Via San Giacomo,Napoli
80133,Via San Giacomo,Napoli
80133,Via San Giacomo,Napoli
80133,Via San Giacomo,Napoli
80133,Via Goethe,Napoli
80133,Via Ponte di Tappia,Napoli
80133,Via Roberto Bracco,Napoli
80133,Via Goethe,Napoli
80133,Via Miguel Cervantes de Savedra,Napoli
80133,Via Miguel Cervantes de Savedra,Napoli
80133,Via Miguel Cervantes de Savedra,Napoli
80133,Via Ponte di Tappia,Napoli
80133,Via Roberto Bracco,Napoli
80133,Via Roberto Bracco,Napoli
80133,Via Ponte di Tappia,Napoli
80133,Via Ponte di Tappia,Napoli
80133,Via Ponte di Tappia,Napoli
80133,Via Ponte di Tappia,Napoli
80133,Via Ponte di Tappia,Napoli
80133,Via Ponte di Tappia,Napoli
80133,Via Ponte di Tappia,Napoli
80133,Via Ponte di Tappia,Napoli
80133,Via Ponte di Tappia,Napoli
80133,Via Ponte di Tappia,Napoli
80133,Via Ponte di Tappia,Napoli
80133,Via Ponte di Tappia,Napoli
80133,Via Ponte di Tappia,Napoli
80133,Via Ponte di Tappia,Napoli
80132,Vico Sergente Maggiore,Napoli
80132,Vico della Tofa,Napoli
80133,Via Medina,Napoli
80133,Largo F. Torraca,Napoli
80133,Via Medina,Napoli
80133,Via Medina,Napoli
80133,Via Medina,Napoli
80133,Via Medina,Napoli
80133,Via Medina,Napoli
80133,Via Medina,Napoli
80133,Via Medina,Napoli
80133,Via Medina,Napoli
80133,Via Medina,Napoli
80133,Via Medina,Napoli
80133,Via Medina,Napoli
80133,Via Medina,Napoli
80133,Via Medina,Napoli
80133,Via Medina,Napoli
80133,Via Medina,Napoli
80133,Via Medina,Napoli
80133,Via Medina,Napoli
80133,Via Medina,Napoli
80133,Via Medina,Napoli
80133,Via Medina,Napoli
80133,Via Medina,Napoli
80133,Via Medina,Napoli
80133,Via della Incoronata,Napoli
80133,Via della Incoronata,Napoli
80133,Via della Incoronata,Napoli
80133,Via della Incoronata,Napoli
80133,Via della Incoronata,Napoli
80133,Via della Incoronata,Napoli
80133,Via della Incoronata,Napoli
80133,Via Miguel Cervantes de Savedra,Napoli
80133,Via Miguel Cervantes de Savedra,Napoli
80133,Via della Incoronata,Napoli
80133,Via Miguel Cervantes de Savedra,Napoli
80133,Via Miguel Cervantes de Savedra,Napoli
80133,Via Miguel Cervantes de Savedra,Napoli
80133,Via Miguel Cervantes de Savedra,Napoli
80133,Via Miguel Cervantes de Savedra,Napoli
80133,Via Miguel Cervantes de Savedra,Napoli
80133,Via Miguel Cervantes de Savedra,Napoli
80133,Via Miguel Cervantes de Savedra,Napoli
80133,Via Miguel Cervantes de Savedra,Napoli
80133,Via Miguel Cervantes de Savedra,Napoli
80133,Via Miguel Cervantes de Savedra,Napoli
80133,Via Miguel Cervantes de Savedra,Napoli
80133,Via Miguel Cervantes de Savedra,Napoli
80133,Via Miguel Cervantes de Savedra,Napoli
80133,Via Miguel Cervantes de Savedra,Napoli
80133,Via Miguel Cervantes de Savedra,Napoli
80133,Via Miguel Cervantes de Savedra,Napoli
80133,Via Miguel Cervantes de Savedra,Napoli
80133,Via Miguel Cervantes de Savedra,Napoli
80133,Via Miguel Cervantes de Savedra,Napoli
80133,Via Miguel Cervantes de Savedra,Napoli
80133,Via Miguel Cervantes de Savedra,Napoli
80133,Via Miguel Cervantes de Savedra,Napoli
80133,Via Medina,Napoli
80133,Via dei Greci,Napoli
80133,Via dei Greci,Napoli
80133,Via dei Greci,Napoli
80133,Via dei Greci,Napoli
80133,Via dei Greci,Napoli
80133,Via dei Greci,Napoli
80133,Via dei Greci,Napoli
80133,Via dei Greci,Napoli
80133,Via dei Greci,Napoli
80133,Via dei Greci,Napoli
80133,Via dei Greci,Napoli
80133,Via dei Greci,Napoli
80133,Via dei Greci,Napoli
80133,Via dei Greci,Napoli
80133,Via dei Greci,Napoli
80133,Via dei Greci,Napoli
80133,Via dei Greci,Napoli
80133,Via dei Greci,Napoli
80133,Via dei Greci,Napoli
80133,Via dei Greci,Napoli
80133,Via dei Greci,Napoli
80133,Via dei Greci,Napoli
80133,Via dei Greci,Napoli
80133,Via dei Greci,Napoli
80133,Via Guantai Nuovi,Napoli
80133,Via dei Greci,Napoli
80133,Via dei Greci,Napoli
80133,Via dei Greci,Napoli
80133,Via dei Greci,Napoli
80133,Via dei Greci,Napoli
80133,Via dei Greci,Napoli
80133,Via dei Greci,Napoli
80133,Via dei Greci,Napoli
80133,Via Ferdinando del Carretto,Napoli
80133,Via dei Greci,Napoli
80133,Via dei Greci,Napoli
80133,Via dei Greci,Napoli
80133,Via dei Greci,Napoli
80133,Via dei Greci,Napoli
80133,Via dei Greci,Napoli
80133,Via dei Greci,Napoli
80133,Via Roberto Bracco,Napoli
80133,Via Ferdinando del Carretto,Napoli
80133,Via dei Greci,Napoli
80133,Via dei Greci,Napoli
80133,Via dei Greci,Napoli
80133,Via dei Greci,Napoli
80133,Via dei Greci,Napoli
80133,Via dei Greci,Napoli
80133,Via Ponte di Tappia,Napoli
80133,Via Ponte di Tappia,Napoli
80133,Via Shelley,Napoli
80133,Via Shelley,Napoli
80133,Via Shelley,Napoli
80133,Via Shelley,Napoli
80133,Via Shelley,Napoli
80133,Via Shelley,Napoli
80133,Via Shelley,Napoli
80133,Via Shelley,Napoli
80133,Via Ponte di Tappia,Napoli
80133,Via Ponte di Tappia,Napoli
80133,Via Ponte di Tappia,Napoli
80133,Via Ponte di Tappia,Napoli
80133,Via Ponte di Tappia,Napoli
80133,Via Ponte di Tappia,Napoli
80134,Via Toledo,Napoli
80134,Via Toledo,Napoli
80134,Via Toledo,Napoli
80134,Via Toledo,Napoli
80134,Via Toledo,Napoli
80134,Vico Teatro Nuovo,Napoli
80133,Via Toledo,Napoli
80133,Via Toledo,Napoli
80133,Via Toledo,Napoli
80133,Via Toledo,Napoli
80133,Via Toledo,Napoli
80134,Via Roberto Bracco,Napoli
80133,Via Armando Diaz,Napoli
80133,Via Toledo,Napoli
80134,Via Toledo,Napoli
80134,Via Toledo,Napoli
80134,Via Toledo,Napoli
80133,Via Toledo,Napoli
80133,Via Toledo,Napoli
80133,Via Toledo,Napoli
80132,Vico Conte di Mola,Napoli
80132,Vico Conte di Mola,Napoli
80132,Vico Conte di Mola,Napoli
80132,Vico Conte di Mola,Napoli
80132,Vico Conte di Mola,Napoli
80132,Vico Conte di Mola,Napoli
80132,Vico Conte di Mola,Napoli
80132,Vico Conte di Mola,Napoli
80132,Vico Conte di Mola,Napoli
80132,Vico Conte di Mola,Napoli
80132,Vico Conte di Mola,Napoli
80132,Vico Conte di Mola,Napoli
80132,Vico Conte di Mola,Napoli
80132,Vico Conte di Mola,Napoli
80132,Vico Conte di Mola,Napoli
80132,Vico Conte di Mola,Napoli
80132,Vico Conte di Mola,Napoli
80132,Vico Conte di Mola,Napoli
80132,Vico Conte di Mola,Napoli
80132,Vico Conte di Mola,Napoli
80132,Vico Conte di Mola,Napoli
80132,Vico Conte di Mola,Napoli
80132,Vico Conte di Mola,Napoli
80132,Vico Conte di Mola,Napoli
80132,Vico Conte di Mola,Napoli
80132,Vico Conte di Mola,Napoli
80132,Vico Conte di Mola,Napoli
80132,Vico Conte di Mola,Napoli
80132,Vico Conte di Mola,Napoli
80132,Vico Conte di Mola,Napoli
80132,Vico Conte di Mola,Napoli
80132,Vico Conte di Mola,Napoli
80132,Vico Conte di Mola,Napoli
80132,Vico Conte di Mola,Napoli
80132,Vico Conte di Mola,Napoli
80132,Vico Conte di Mola,Napoli
80132,Vico Conte di Mola,Napoli
80132,Vico Conte di Mola,Napoli
80132,Vico Conte di Mola,Napoli
80132,Vico Conte di Mola,Napoli
80132,Vico Conte di Mola,Napoli
80132,Vico Conte di Mola,Napoli
80132,Vico Conte di Mola,Napoli
80132,Vico Conte di Mola,Napoli
80132,Vico Conte di Mola,Napoli
80132,Vico Conte di Mola,Napoli
80132,Vico Conte di Mola,Napoli
80132,Vico Conte di Mola,Napoli
80132,Vico Conte di Mola,Napoli
80132,Vico Conte di Mola,Napoli
80132,Vico Conte di Mola,Napoli
80132,Vico Conte di Mola,Napoli
80132,Vico Conte di Mola,Napoli
80132,Vico Conte di Mola,Napoli
80132,Vico Conte di Mola,Napoli
80132,Vico Conte di Mola,Napoli
80132,Vico Conte di Mola,Napoli
80132,Vico Conte di Mola,Napoli
80132,Vico Conte di Mola,Napoli
80132,Vico Conte di Mola,Napoli
80132,Vico Conte di Mola,Napoli
80132,Vico Conte di Mola,Napoli
80132,Vico Conte di Mola,Napoli
80132,Vico Conte di Mola,Napoli
80132,Vico Conte di Mola,Napoli
80132,Vico Conte di Mola,Napoli
80132,Vico Conte di Mola,Napoli
80132,Vico Conte di Mola,Napoli
80132,Vico Conte di Mola,Napoli
80132,Vico Conte di Mola,Napoli
80132,Vico Conte di Mola,Napoli
80132,Vico Conte di Mola,Napoli
80132,Vico Conte di Mola,Napoli
80132,Vico Conte di Mola,Napoli
80132,Vico Conte di Mola,Napoli
80132,Vico Conte di Mola,Napoli
80132,Vico Conte di Mola,Napoli
80132,Vico Conte di Mola,Napoli
80132,Vico Conte di Mola,Napoli
80132,Vico Conte di Mola,Napoli
80132,Vico Conte di Mola,Napoli
80132,Vico Conte di Mola,Napoli
80132,Vico Conte di Mola,Napoli
80132,Vico Conte di Mola,Napoli
80132,Vico Conte di Mola,Napoli
80132,Vico Conte di Mola,Napoli
80132,Vico Conte di Mola,Napoli
80132,Vico Conte di Mola,Napoli
80132,Vico Conte di Mola,Napoli
80132,Vico Conte di Mola,Napoli
80132,Via Concordia,Napoli
80132,Via Concordia,Napoli
80132,Via Concordia,Napoli
80132,Via Concordia,Napoli
80132,Via Concordia,Napoli
80132,Via Concordia,Napoli
80132,Via Concordia,Napoli
80132,Via Concordia,Napoli
80132,Via Concordia,Napoli
80132,Via Concordia,Napoli
80132,Via Concordia,Napoli
80132,Via Concordia,Napoli
80132,Via Concordia,Napoli
80132,Via Concordia,Napoli
80132,Via Concordia,Napoli
80132,Via Concordia,Napoli
80132,Via Concordia,Napoli
80132,Via Concordia,Napoli
80132,Via Concordia,Napoli
80132,Via Concordia,Napoli
80132,Via Concordia,Napoli
80132,Via Concordia,Napoli
80132,Via Concordia,Napoli
80132,Via Concordia,Napoli
80132,Via Concordia,Napoli
80132,Via Concordia,Napoli
80132,Via Concordia,Napoli
80132,Via Concordia,Napoli
80132,Via Concordia,Napoli
80132,Via Concordia,Napoli
80132,Via Concordia,Napoli
80132,Via Concordia,Napoli
80132,Vico Croce a Cariati,Napoli
80132,Via Concordia,Napoli
80132,Via Concordia,Napoli
80132,Via Concordia,Napoli
80132,Via Concordia,Napoli
80132,Via Concordia,Napoli
80132,Via Concordia,Napoli
80132,Via Concordia,Napoli
80132,Via Concordia,Napoli
80132,Via Concordia,Napoli
80132,Via Concordia,Napoli
80132,Via Concordia,Napoli
80132,Via Concordia,Napoli
80132,Via Concordia,Napoli
80132,Via Concordia,Napoli
80132,Via Concordia,Napoli
80132,Via Concordia,Napoli
80132,Via Concordia,Napoli
80132,Via Concordia,Napoli
80132,Via Concordia,Napoli
80132,Via Concordia,Napoli
80132,Via Concordia,Napoli
80132,Via Concordia,Napoli
80132,Via Concordia,Napoli
80132,Via Concordia,Napoli
80132,Via Concordia,Napoli
80132,Via Concordia,Napoli
80132,Via Concordia,Napoli
80132,Via Concordia,Napoli
80132,Via Concordia,Napoli
80132,Via Concordia,Napoli
80132,Via Concordia,Napoli
80132,Via Concordia,Napoli
80132,Via Concordia,Napoli
80132,Via Concordia,
80132,Via Concordia,Napoli
80132,Via Concordia,Napoli
80132,Via Concordia,Napoli
80132,Via Concordia,Napoli
80132,Via Concordia,Napoli
80132,Via Concordia,
80132,Via Concordia,
80132,Via Concordia,
80132,Via Concordia,
80132,Via Concordia,
80132,Via Concordia,
80132,Via Concordia,
80132,Via Concordia,
80132,Via Concordia,
80132,Via Concordia,
80132,Via Portacarrese a Montecalvario,
80132,Via Portacarrese a Montecalvario,
80132,Via Portacarrese a Montecalvario,
80132,Via Portacarrese a Montecalvario,
80132,Via Portacarrese a Montecalvario,
80132,Via Portacarrese a Montecalvario,
80132,Via Portacarrese a Montecalvario,
80132,Via Portacarrese a Montecalvario,
80132,Via Portacarrese a Montecalvario,
80132,Via Portacarrese a Montecalvario,
80132,Via Portacarrese a Montecalvario,
80132,Via Portacarrese a Montecalvario,
80132,Via Portacarrese a Montecalvario,
80132,Via Portacarrese a Montecalvario,
80132,Via Portacarrese a Montecalvario,
80132,Via Portacarrese a Montecalvario,
80132,Via Portacarrese a Montecalvario,
80132,Via Portacarrese a Montecalvario,
80132,Via Portacarrese a Montecalvario,
80132,Via Portacarrese a Montecalvario,
80132,Via Portacarrese a Montecalvario,
80132,Via Portacarrese a Montecalvario,
80132,Via Portacarrese a Montecalvario,
80132,Via Portacarrese a Montecalvario,
80132,Via Portacarrese a Montecalvario,
80132,Via Portacarrese a Montecalvario,
80132,Via Portacarrese a Montecalvario,
80132,Vico Lungo Montecalvario,
80132,Vico Lungo Montecalvario,
80132,Vico Lungo Montecalvario,
80132,Vico Lungo Montecalvario,
80132,Vico Lungo Montecalvario,
80132,Vico Lungo Montecalvario,
80132,Vico Lungo Montecalvario,
80132,Vico Lungo Montecalvario,
80132,Vico Lungo Montecalvario,
80132,Vico Lungo Montecalvario,
80132,Vico II Montecalvario,
80132,Vico II Montecalvario,
80132,Vico II Montecalvario,
80132,Piazza Montecalvario,
80132,Piazza Montecalvario,
80132,Piazza Montecalvario,
80132,Piazza Trieste e Trento,Napoli
80132,Piazza Trieste e Trento,Napoli
80134,Via Toledo,Napoli
80134,Vico Lungo Teatro Nuovo,Napoli
80133,Via Medina,Napoli
80133,Via Medina,Napoli
80133,Via Medina,Napoli
80133,Via Medina,Napoli
80133,Via Medina,Napoli
80133,Via Medina,Napoli
80133,Via Medina,Napoli
80133,Via Medina,Napoli
80133,Via Medina,Napoli
80133,Via Medina,Napoli
80133,Via Medina,Napoli
80133,Via Medina,Napoli
80133,Via dei Fiorentini,Napoli
80133,Via dei Fiorentini,Napoli
80133,Via dei Fiorentini,Napoli
80133,Via dei Fiorentini,Napoli
80133,Via dei Fiorentini,Napoli
80133,Via dei Fiorentini,Napoli
80133,Via dei Fiorentini,Napoli
80133,Via dei Fiorentini,Napoli
80133,Via dei Fiorentini,Napoli
80133,Via dei Fiorentini,Napoli
80133,Via Armando Diaz,Napoli
80133,Via Guantai Nuovi,Napoli
80133,Via Guantai Nuovi,Napoli
80133,Via dei Fiorentini,Napoli
80133,Via dei Fiorentini,Napoli
80133,Via dei Fiorentini,Napoli
80133,Via dei Fiorentini,Napoli
80133,Via dei Fiorentini,Napoli
80133,Via dei Fiorentini,Napoli
80133,Via dei Fiorentini,Napoli
80133,Via dei Fiorentini,Napoli
80133,Via dei Fiorentini,Napoli
80133,Via dei Fiorentini,Napoli
80133,Via dei Fiorentini,Napoli
80133,Via dei Fiorentini,Napoli
80133,Via dei Fiorentini,Napoli
80133,Via dei Fiorentini,Napoli
80133,Via dei Fiorentini,Napoli
80133,Via dei Fiorentini,Napoli
80133,Via dei Fiorentini,Napoli
80133,Via dei Fiorentini,Napoli
80133,Via Guantai Nuovi,Napoli
80133,Via Guantai Nuovi,Napoli
80133,Via Guantai Nuovi,Napoli
80133,Via Guantai Nuovi,Napoli
80133,Via Guantai Nuovi,Napoli
80133,Via Guantai Nuovi,Napoli
80133,Via Guantai Nuovi,Napoli
80133,Via Guantai Nuovi,Napoli
80133,Via Guantai Nuovi,Napoli
80133,Via Guantai Nuovi,Napoli
80133,Via Guantai Nuovi,Napoli
80133,Via Guantai Nuovi,Napoli
80133,Via Guantai Nuovi,Napoli
80133,Via Guantai Nuovi,Napoli
80133,Via Guantai Nuovi,Napoli
80133,Via Guantai Nuovi,Napoli
80133,Via Guantai Nuovi,Napoli
80133,Via Guantai Nuovi,Napoli
80133,Via Guantai Nuovi,Napoli
80133,Via Guantai Nuovi,Napoli
80133,Via Guantai Nuovi,Napoli
80133,Via Guantai Nuovi,Napoli
80133,Via Guantai Nuovi,Napoli
80133,Via Guantai Nuovi,Napoli
80133,Via Guantai Nuovi,Napoli
80133,Via Guantai Nuovi,Napoli
80133,Via Guantai Nuovi,Napoli
80133,Piazza Giacomo Matteotti,Napoli
80134,Via Portamedina,
80133,Via Fabio Filzi,Napoli
80133,Via Fabio Filzi,Napoli
80133,Via Fabio Filzi,Napoli
80133,Via Armando Diaz,Napoli
80133,Via Armando Diaz,Napoli
80133,Via Armando Diaz,Napoli
80133,Via Roberto Bracco,Napoli
80133,Via Armando Diaz,Napoli
80133,Via Roberto Bracco,Napoli
80133,Via Armando Diaz,Napoli
80133,Via Armando Diaz,Napoli
80133,Via Armando Diaz,Napoli
80133,Via Armando Diaz,Napoli
80133,Piazzale Pisacane,
80134,Via Montecalvario,
80134,Via Montecalvario,
80134,Via Montecalvario,
80134,Via Montecalvario,
80134,Via Montecalvario,
80134,Via Montecalvario,Napoli
80134,Via Montecalvario,Napoli
80134,Via Montecalvario,Napoli
80134,Via Montecalvario,Napoli
80134,Via Montecalvario,Napoli
80134,Via Montecalvario,Napoli
80134,Via Montecalvario,Napoli
80134,Via Montecalvario,Napoli
80134,Via Montecalvario,Napoli
80134,Via Montecalvario,Napoli
80134,Via Montecalvario,
80134,Via Montecalvario,
80134,Via Montecalvario,
80134,Via Montecalvario,
80134,Via Montecalvario,
80134,Via Montecalvario,
80134,Via Montecalvario,
80134,Via Montecalvario,Napoli
80134,Vico Lungo Teatro Nuovo,
80134,Vico Lungo Teatro Nuovo,Napoli
80134,Vico Lungo Teatro Nuovo,
80134,Vico Lungo Teatro Nuovo,
80134,Vico Lungo Teatro Nuovo,
80134,Vico Lungo Teatro Nuovo,
80134,Vico Lungo Teatro Nuovo,Napoli
80134,Vico Lungo Teatro Nuovo,Napoli
80134,Vico Lungo Teatro Nuovo,Napoli
80134,Vico Lungo Teatro Nuovo,Napoli
80134,Vico Lungo Teatro Nuovo,Napoli
80134,Vico Lungo Teatro Nuovo,Napoli
80134,Piazzetta Marinelli,Napoli
80134,Piazzetta Marinelli,Napoli
80134,Vico Due Porte a Toledo,
80134,Vico Due Porte a Toledo,
80134,Vico Due Porte a Toledo,
80134,Vico Due Porte a Toledo,
80134,Vico Due Porte a Toledo,
80134,Vico Lungo Gelso,Napoli
80134,Vico Due Porte a Toledo,
80134,Vico Due Porte a Toledo,
80134,Vico Due Porte a Toledo,
80134,Vico Due Porte a Toledo,
80134,Vico Due Porte a Toledo,
80134,Vico Due Porte a Toledo,
80134,Vico Due Porte a Toledo,
80134,Vico Due Porte a Toledo,
80134,Vico Due Porte a Toledo,
80134,Via Toledo,Napoli
80134,Vico Due Porte a Toledo,
80134,Vico Due Porte a Toledo,
80134,Vico Due Porte a Toledo,
80134,Vico Due Porte a Toledo,
80134,Vico Due Porte a Toledo,
80134,Vico Due Porte a Toledo,
80134,Vico Due Porte a Toledo,
80134,Vico Due Porte a Toledo,
80133,Via Stendhal,Napoli
80134,Vico Due Porte a Toledo,
80134,Vico Due Porte a Toledo,
80134,Vico Due Porte a Toledo,
80134,Vico Due Porte a Toledo,
80134,Vico Due Porte a Toledo,
80134,Vico Due Porte a Toledo,
80134,Vico Due Porte a Toledo,
80133,Via Toledo,Napoli
80134,Via Toledo,Napoli
80134,Via Toledo,Napoli
80134,Via Toledo,Napoli
80134,Via Toledo,Napoli
80134,Via Toledo,Napoli
80134,Via Toledo,Napoli
80134,Via Toledo,Napoli
80134,Via Toledo,Napoli
80134,Via Toledo,Napoli
80134,Via Toledo,Napoli
80134,Via Toledo,Napoli
80134,Via Toledo,Napoli
80134,Via Toledo,Napoli
80123,Via Posillipo,
80134,Via Toledo,Napoli
80134,Via Toledo,Napoli
80134,Via Toledo,Napoli
80125,Viale John Fitzgerald Kennedy,Napoli
80125,Via Marc'Antonio,Napoli
80128,Piazza Francesco Muzii,Napoli
80134,Via Mezzocannone,Napoli
80138,Via dei Tribunali,Napoli
80147,Via delle Repubbliche Marinare,Napoli
80131,Via Domenico Montesano,
80134,Vico Teatro Nuovo,Napoli
80133,Via Monteoliveto,Napoli
80133,Via Monteoliveto,Napoli
80133,Via Monteoliveto,Napoli
80133,Via Monteoliveto,Napoli
80133,Via Monteoliveto,Napoli
80133,Via Monteoliveto,Napoli
80133,Via Monteoliveto,Napoli
80133,Via Monteoliveto,Napoli
80133,Via Monteoliveto,Napoli
80133,Via Monteoliveto,Napoli
80133,Via Monteoliveto,Napoli
80133,Via Monteoliveto,Napoli
80133,Via Monteoliveto,Napoli
80133,Via Monteoliveto,Napoli
80133,Via Monteoliveto,Napoli
80133,Via Monteoliveto,Napoli
80133,Via Monteoliveto,Napoli
80133,Via Monteoliveto,Napoli
80133,Via Monteoliveto,Napoli
80133,Via Monteoliveto,Napoli
80133,Via Monteoliveto,Napoli
80133,Via Monteoliveto,Napoli
80138,Piazza Vincenzo Bellini,Napoli
80122,Piazza Jacopo Sannazaro,
80121,Piazza Amedeo,
80134,Via Port'Alba,Napoli
80142,Piazza Giuseppe Garibaldi,Napoli
80142,Piazza Giuseppe Garibaldi,Napoli
80142,Piazza Giuseppe Garibaldi,Napoli
80138,Corso Umberto Primo,Napoli
80147,Via Mario Pomilio,Napoli
80139,Via Casanova,Napoli
80134,Via Armando Diaz,Napoli
80134,Via Concezione a Montecalvario,Napoli
80147,Via Argine,Napoli
80121,Via Francesco Crispi,Napoli
80121,Via Francesco Crispi,Napoli
80127,Via Francesco De Mura,Napoli
80134,Via del Cerriglio,
80147,Via Giambattista Vela,Napoli
80147,Via Luigi Volpicella,Napoli
80147,Via delle Repubbliche Marinare,Napoli
80147,Via Luigi Volpicella,Napoli
80143,Via Emanuele Gianturco,Napoli
80142,Via Galileo Ferraris,Napoli
80147,Via Luigi Volpicella,Napoli
80144,Viale Comandante Umberto Maddalena,Napoli
80139,Via Pietro Colletta,
80134,Via Speranzella,
80139,Via Cesare Rosaroll,
80142,Corso Arnaldo Lucci,
80129,Via Torrione S. Martino,Napoli
80129,Via Torrione S. Martino,Napoli
80121,Via Giuseppe Martucci,
80141,Via Benedetto Cairoli,Napoli
80134,Via San Giovanni Maggiore Pignatelli,Napoli
80136,Via Guglielmo Appulo,Napoli
80136,Via Guglielmo Appulo,Napoli
80136,Via Bartolomeo Caracciolo Detto Carafa,Napoli
80136,Via Bartolomeo Caracciolo Detto Carafa,Napoli
80136,Via Bartolomeo Caracciolo Detto Carafa,Napoli
80136,Via Goffredo Malaterra,Napoli
80136,Via Goffredo Malaterra,Napoli
80127,Via Santa Maria della Libera,Napoli
80127,Via Francesco Cilea,Napoli
80127,Via Francesco Cilea,Napoli
80121,Viale Antonio Gramsci,Napoli
80146,Via delle Repubbliche Marinare,Napoli
80121,Vicoletto Chiaia,Napoli
80126,Via Michelangelo da Caravaggio,Napoli
80129,Via Torrione S. Martino,
80127,Via Pietro Mascagni,Napoli
80122,Via Enrico Alvino,Napoli
80128,Via Domenico Fontana,Napoli
80135,Piazza Cavour,
80134,Via Emanuele de Deo,
80138,Vico Cinquesanti,Napoli
80131,Via Bernardo Cavallino,Napoli
80143,Via Nazionale,Napoli
80138,Via dei Tribunali,
80134,Vico Lungo del Gelso,
80134,Via Francesco de Sanctis,Napoli
80121,Via Chiaia,Napoli
80133,Via Toledo,Napoli
80132,Via Toledo,Napoli
80132,Via Toledo,Napoli
80132,Via Toledo,Napoli
80132,Via Toledo,Napoli
80132,Via Toledo,Napoli
80132,Via Toledo,Napoli
80132,Via Toledo,Napoli
80121,Via Santa Brigida,Napoli
80133,Rua Catalana,
80138,Corso Umberto Primo,
80134,Via Pignasecca,Napoli
80134,Piazza Montesanto,Napoli
80132,Gradoni di Chiaia,Napoli
80138,Corso Umberto Primo,
80100,Via Maddaloni,
80134,Via Monteoliveto,Napoli
80136,Salita San Raffaele,Napoli
80142,Via Firenze,
80121,Via Partenope,Napoli
80138,Via San Biagio dei Librai,Napoli
80133,Via San Carlo,Napoli
80142,Piazza Giuseppe Garibaldi,Napoli
80127,Via Aniello Falcone,Napoli
80143,Corso Meridionale,Napoli
80100,Piazza Giuseppe Garibaldi,Napoli
80143,Corso Meridionale,Napoli
80125,Via Giulio Cesare,Napoli
80134,Calata Trinità Maggiore,Napoli
80138,Via dei Tribunali,Napoli
80121,Via Giosuè Carducci,
80132,Vico Sant'Anna di Palazzo,
80138,Via dei Tribunali,
80134,Via San Giovanni Maggiore Pignatelli,Napoli
80123,Via Posillipo,Napoli
80123,Via Marechiaro,Napoli
80122,Via Mergellina,Napoli
80138,Via Domenico Cirillo,Napoli
80139,Via Carbonara,Napoli
80134,Piazzetta del Nilo,
80133,Via Palepoli,Napoli
80125,Viale di Augusto,Napoli
80142,Piazza Giuseppe Garibaldi,Napoli
80129,Via Pietro Platania,Napoli
80129,Piazzetta Arenella,Napoli
80128,Traversa Privata San Severino,Napoli
80128,Via Maurizio De Vito Piscicelli,Napoli
80129,Via Della Cerra,Napoli
80127,Via Raffaele Morghen,Napoli
80133,Piazza Giovanni Bovio,
80139,Via Cesare Rosaroll,Napoli
80139,Corso Umberto Primo,Napoli
80133,Vico degli Azzimatori,
80138,Via Giovanni Paladino,Napoli
80132,Via Chiaia,Napoli
80121,Via Chiaia,Napoli
80134,Via Mezzocannone,
80127,Via Francesco Cilea,Napoli
80128,Largo Antignano,Napoli
80134,Via Mezzocannone,Napoli
80134,Via San Giovanni Maggiore Pignatelli,Napoli
80147,Via Angelo Camillo De Meis,Napoli
80147,Via Angelo Camillo De Meis,Napoli
80147,Via Luigi Volpicella,Napoli
80147,Via Bartolo Longo,Napoli
80147,Via Bartolo Longo,Napoli
80147,Via Bartolo Longo,Napoli
80139,Via Alessandro Poerio,Napoli
80122,Viale Villa Santa Maria,Napoli
80126,Via Marco Aurelio,Napoli
80126,Via Marco Aurelio,Napoli
80121,Via Vittorio Imbriani,Napoli
80146,Via Bernardo Quaranta,Napoli
80146,Via Bernardo Quaranta,Napoli
80121,Largo Ferrandina,Napoli
80122,Via Pontano,Napoli
80138,Via Maria Longo,Napoli
80135,Via Domenico Cotugno,Napoli
80123,Discesa Coroglio,Napoli
80125,Via Nuova Agnano,
80134,Via Giovanni Paladino,Napoli
80122,Viale Villa Santa Maria,Napoli
80134,Vico San Giuseppe Cristofaro 4,Napoli
80134,Via Sedile di Porto,
80041,Via Pietro Giannone,Napoli
80127,Via Alessandro Scarlatti,Napoli
80124,Via della Caserma di Cavalleria,
80127,Via Luca Giordano,Napoli
80127,Via Francesco Cilea,Napoli
80138,Via San Biagio dei Librai,
80138,Via Loffredi,Napoli
80138,Via Pietro Trinchera,Napoli
80139,Via Oronzo Costa,Napoli
80121,Viale Anton Dohrn,Napoli
80128,Via Luca Giordano,Napoli
80147,Via Provinciale Botteghelle di Portici,Napoli
80125,Via Enzo Petraccone,Napoli
80125,Via Enzo Petraccone,Napoli
80142,Corso Arnaldo Lucci,Napoli
80143,Centro Direzionale Is. G1,Napoli
80133,Via Wolfgang Goethe,Napoli
80134,Via Enrico de Marinis,Napoli
80134,Via Benedetto Croce,Napoli
80134,Vico Santa Maria dell'Aiuto,
80142,Piazza Giuseppe Garibaldi,Napoli
80142,Piazza Giuseppe Garibaldi,Napoli
80142,Piazza Giuseppe Garibaldi,Napoli
80132,Via Domenico Morelli,Napoli
80132,Via Monte di Dio,Napoli
80138,Via San Pietro a Maiella,
80123,Via Posillipo,Napoli
80123,Via Posillipo,Napoli
80134,Via Benedetto Croce,
80139,Via Maddalena,Napoli
80132,Via Heinrich Schliemann,
80143,,Napoli
80142,Piazza Giuseppe Garibaldi,Napoli
80138,Via del Grande Archivio,
80134,Via Benedetto Croce,Napoli
80134,Via Pignasecca,Napoli
80143,,Napoli
80134,Via Toledo,Napoli
80134,Via Benedetto Croce,
80122,Riviera di Chiaia,Napoli
80143,Via Nazionale,
80122,Via Francesco Giordani,
80147,Via Argine,Napoli
80147,Via Angelo Camillo De Meis,Napoli
80147,,Napoli
80147,,Napoli
80147,,Napoli
80147,Via Carlo Miranda,Napoli
80143,Via Rimini,Napoli
80131,Via Onofrio Fragnito,Napoli
80133,Via Santa Caterina,Napoli
80131,Viale Colli Aminei,Napoli
80122,Vico Santa Maria della Neve,Napoli
80123,Via Posillipo,Napoli
80146,Via Raffaele Testa,
80146,Via Raffaele Testa,
80146,Via Raffaele Testa,
80146,Via Raffaele Testa,
80146,Via Ferrante Imparato,Napoli
80146,Via Ferrante Imparato,Napoli
80146,Via Ferrante Imparato,Napoli
80146,Via Ferrante Imparato,Napoli
80146,Via Ferrante Imparato,Napoli
80146,Via Ferrante Imparato,Napoli
80146,Via Ferrante Imparato,Napoli
80146,Via Ferrante Imparato,Napoli
80146,Via Ferrante Imparato,Napoli
80146,Via Ferrante Imparato,Napoli
80146,Via Ferrante Imparato,Napoli
80146,Via Ferrante Imparato,Napoli
80146,Via Ferrante Imparato,Napoli
80146,Via Ferrante Imparato,Napoli
80146,Via Ferrante Imparato,Napoli
80146,Via Ferrante Imparato,Napoli
80146,Via Ferrante Imparato,Napoli
80146,,Napoli
80146,,Napoli
80146,,Napoli
80146,Viale 2 Giugno,Napoli
80146,Viale 2 Giugno,Napoli
80147,Via Luigi Volpicella,Napoli
80147,Via Luigi Volpicella,Napoli
80147,Via Luigi Volpicella,Napoli
80147,Via Luigi Volpicella,Napoli
80147,Via Luigi Volpicella,Napoli
80147,Via Luigi Volpicella,Napoli
80147,Via Luigi Volpicella,Napoli
80147,Via Luigi Volpicella,Napoli
80147,Via Luigi Volpicella,Napoli
80147,Via Luigi Volpicella,Napoli
80147,Via Luigi Volpicella,Napoli
80147,Via Luigi Volpicella,Napoli
80147,Via Luigi Volpicella,Napoli
80147,Via Luigi Volpicella,Napoli
80147,Via Luigi Volpicella,Napoli
80147,Via Luigi Volpicella,Napoli
80147,Via Luigi Volpicella,Napoli
80147,Via Angelo Camillo De Meis,Ponticelli
80147,Via Angelo Camillo De Meis,Ponticelli
80147,Via Luigi Volpicella,Napoli
80147,Via Luigi Volpicella,Napoli
80147,Via Luigi Volpicella,Napoli
80147,Via Luigi Volpicella,Napoli
80147,Via Luigi Volpicella,Napoli
80147,Via Luigi Volpicella,Napoli
80147,Via Luigi Volpicella,Napoli
80147,Via Luigi Volpicella,Napoli
80147,Via Luigi Volpicella,Napoli
80147,Via Luigi Volpicella,Napoli
80147,Via Luigi Volpicella,Napoli
80147,Via Luigi Volpicella,Napoli
80147,Via Luigi Volpicella,Napoli
80147,Via Luigi Volpicella,Napoli
80147,Via Angelo Camillo De Meis,Ponticelli
80147,Via Angelo Camillo De Meis,Ponticelli
80147,Via Angelo Camillo De Meis,Ponticelli
80147,Via Angelo Camillo De Meis,Ponticelli
80147,Via Angelo Camillo De Meis,Ponticelli
80147,Via Angelo Camillo De Meis,Ponticelli
80147,Via Angelo Camillo De Meis,Ponticelli
80147,Via Angelo Camillo De Meis,Ponticelli
80147,Via Angelo Camillo De Meis,Ponticelli
80147,Via Angelo Camillo De Meis,Ponticelli
80147,Via Angelo Camillo De Meis,Ponticelli
80147,Via Angelo Camillo De Meis,Ponticelli
80147,Via Angelo Camillo De Meis,Ponticelli
80147,Via Angelo Camillo De Meis,Ponticelli
80147,Via Angelo Camillo De Meis,Ponticelli
80147,Via Angelo Camillo De Meis,Ponticelli
80147,Via Angelo Camillo De Meis,Ponticelli
80147,,Ponticelli
80147,Corso Ponticelli,Ponticelli
80147,Corso Ponticelli,Ponticelli
80147,Via Angelo Camillo De Meis,Ponticelli
80147,Via Angelo Camillo De Meis,Ponticelli
80147,Via Angelo Camillo De Meis,Ponticelli
80147,Via Angelo Camillo De Meis,Ponticelli
80147,Via Angelo Camillo De Meis,Ponticelli
80147,Via Angelo Camillo De Meis,Ponticelli
80147,Via Angelo Camillo De Meis,Ponticelli
80147,Via Angelo Camillo De Meis,Ponticelli
80147,Via Angelo Camillo De Meis,Ponticelli
80147,Via Angelo Camillo De Meis,Ponticelli
80147,Via Angelo Camillo De Meis,Ponticelli
80147,,Ponticelli
80147,Corso San Giovanni a Teduccio,Napoli
80147,Corso San Giovanni a Teduccio,Napoli
80147,Corso San Giovanni a Teduccio,Napoli
80147,Corso San Giovanni a Teduccio,Napoli
80147,Corso San Giovanni a Teduccio,Napoli
80147,Corso San Giovanni a Teduccio,Napoli
80147,Corso San Giovanni a Teduccio,Napoli
80147,Corso San Giovanni a Teduccio,Napoli
80147,Corso San Giovanni a Teduccio,Napoli
80147,Corso San Giovanni a Teduccio,Napoli
80122,,Napoli
80127,Via Belvedere,Napoli
80127,Via Gino Doria,Napoli
80127,Via Mattia Preti,Napoli
80133,Molo Angioino,Napoli
80122,Corso Vittorio Emanuele,Napoli
80145,Via Giovanni Antonio Campano,Napoli
80129,Via Risorgimento,Napoli
80125,Via Giacomo Leopardi,Napoli
80125,Via Lepanto,Napoli
80128,Via Arenella,Napoli
80138,Via Giovanni Paladino,Napoli
80143,Via Nuova Poggioreale,Napoli
80041,Via Arenaccia,Napoli
80041,Via Arenaccia,Napoli
80139,Vico dei Zuroli,Napoli
80131,Via Miano,Napoli
80127,Via Santa Maria della Libera,Napoli
80144,Via del Cassano,Napoli
80138,Via Duomo,Napoli
80123,Discesa Coroglio,Napoli
80139,Largo Sant'Antonio Abate,Napoli
80131,Via Antonio e Luigi Sementini,Napoli
80135,Piazza Dante,Napoli
80132,Via Carlo De Cesare,Napoli
80147,Via Egidio Velotti,Napoli
80138,Via dei Tribunali,
80121,Via San Pasquale a Chiaia,Napoli
80133,Piazza Francese,Napoli
80144,Viale Fulco Ruffo di Calabria,Napoli
80138,Via San Biagio dei Librai,Napoli
80133,Via Ammiraglio Ferdinando Acton,Napoli
80138,Via dei Tribunali,
80138,Via dei Tribunali,
80134,Via Benedetto Croce,
80146,Corso San Giovanni a Teduccio,Napoli
80122,Via Giambattista Pergolesi,Napoli
80122,Via Giambattista Pergolesi,Napoli
80122,Via Giambattista Pergolesi,Napoli
80132,Via Paolo Emilio Imbriani,
80133,Via Giuseppe Verdi,Napoli
80132,Via Paolo Emilio Imbriani,Napoli
80141,Calata Capodichino,Napoli
80121,Via Carlo Poerio,Napoli
80122,Via Francesco Caracciolo,Napoli
80132,Vico Sergente Maggiore,
80142,Via Emanuele Gianturco,
80138,Via Arte della Lana,Napoli
80134,Via Speranzella,Napoli
80132,Vico Tiratoio,Napoli
80132,Piazza Carolina,Napoli
80132,Via S. Mattia,Napoli
80132,Galleria Umberto I,
80135,Via Tarsia,
80134,Via Benedetto Croce,Napoli
80138,Via Santa Maria di Costantinopoli,Napoli
80122,Via Andrea d'Isernia,Napoli
80143,Corso Meridionale,Napoli
80143,Corso Meridionale,Napoli
80135,Via Enrico Pessina,Napoli
80133,,Napoli
80134,Via Benedetto Croce,Napoli
80135,Via Santa Teresa degli Scalzi,Napoli
80138,Via Santa Maria di Costantinopoli,Napoli
80138,Via Santa Maria di Costantinopoli,Napoli
80134,Vico San Domenico Maggiore,Napoli
80125,Via Lepanto,
80125,Via Diocleziano,
80146,Via Pietrarsa,Portici
80146,Via Galileo Ferraris,Napoli
80142,Via Galileo Ferraris,Napoli
80139,Via Foria,Napoli
80128,Via Gino Doria,Napoli
80131,Via Domenico Fontana,Napoli
80133,Via Fratelli Ruggi,Napoli
80133,Corso Umberto Primo,
80133,Via Agostino Depretis,
80142,Corso Arnaldo Lucci,
80132,Via Eldorado Castel dell'Ovo,Napoli
80146,Via Ferrante Imparato,Napoli
80145,Via Emilio Scaglione,Napoli
80136,Via Capodimonte,Napoli
80138,Piazza Bellini,Napoli
80127,Via Pietro Mascagni,Napoli
80100,Piazza Giuseppe Garibaldi,Napoli
80134,Via Pasquale Scura,Napoli
80125,Via Lepanto,
80132,Vico Sant'Anna di Palazzo,Napoli
80134,Calata Trinità Maggiore,
80100,Galleria Principe di Nsapoli,Napoli
80142,Piazza Giuseppe Garibaldi,Napoli
80134,Via Toledo,Napoli
80125,Via Diocleziano,Napoli
80145,Via Rocco Marco di Torrepadula,Napoli
80142,Piazza Giuseppe Garibaldi,Napoli
80132,Via Speranzella,
80125,Viale John Fitzgerald Kennedy,Napoli
80135,,Napoli
80100,,Napoli
80139,Via Carriera Grande,
80136,Salita San Raffaele,Napoli
80136,Via Goffredo Malaterra,Napoli
80136,Via Alessandro Telesino,Napoli
80136,Via Guglielmo Appulo,Napoli
80136,Via Alessandro Telesino,Napoli
80136,Via Guglielmo Appulo,Napoli
80136,Via Guglielmo Appulo,Napoli
80136,Via Guglielmo Appulo,Napoli
80136,Via Guglielmo Appulo,Napoli
80136,Via Bartolomeo Caracciolo Detto Carafa,Napoli
80136,Via Guglielmo Appulo,Napoli
80146,Stradone Vigliena,Napoli
80121,Via Vannella Gaetani,Napoli
80139,Piazza Capuana,Napoli
80129,Via Vincenzo Mosca,Napoli
80132,Via Santa Caterina da Siena,Napoli
80142,Corso Giuseppe Garibaldi,
80133,Via San Carlo,
80134,Via Raimondo de Sangro di Sansevero,Napoli
80134,Piazzza Carità,Napoli
80121,Via Vittoria Colonna,Napoli
80142,Piazza Giuseppe Garibaldi,Napoli
80131,Via dell'Eremo,Camaldoli di Napoli
80131,via Cupa Camaldoli,Camaldoli di Napoli
80131,Via dell'Eremo,Camaldoli di Napoli
80131,Via San Romualdo,
80143,Via Giovanni Porzio,Napoli
80131,Traversa Michele Pietravalle,
80146,Via Ferrante Imparato,Napoli
80129,Via Tito Angelini,
80138,Via Duomo,
80137,Piazza Cavour,
80133,Piazza Giovanni Bovio,Napoli
80132,Via Santa Lucia,Napoli
80137,Vico Avallone,
80142,Via Giuseppe Ricciardi,
80134,Via Pasquale Scura,
80139,Via Pietro Colletta,Napoli
80136,Via Salvator Rosa,Napoli
80139,Via Domenico Cirillo,Napoli
80139,Via Domenico Cirillo,Napoli
80132,Vico Vetriera,
80138,Via Duomo,
80132,Vico Tiratoio,
80132,Vicoletto Berio,
80133,,Napoli
80138,Via San Pietro a Maiella,Napoli
80132,,Napoli
80125,P.Le Tecchio,Napoli
80134,Via Portamedina,Napoli
80143,Corso Novara,Napoli
80142,Via Emanuele Gianturco,Napoli
80142,Via Benedetto Brin,Napoli
80131,Via Cardarelli,Napoli
80131,Via Sergio Pansini,Napoli
80121,Via Partenope,Napoli
80123,Piazza San Luigi,Napoli
80142,Via Enrico Cosenz,Napoli
80132,Vico Lungo Gelso,Napoli
80132,Via Santa Brigida,Napoli
80136,Via Giacinto Gigante,
80138,Via Duomo,Napoli
80136,Via Camillo Pellegrini,Napoli
80126,Via San Donato,
80126,Via San Donato,
80135,Via Sant'Antonio ai Monti,
80144,Corso Secondigliano,Napoli
80135,Corso Vittorio Emanuele,
80133,Via Duca di San Donato,
80134,Vico della Quercia,
80134,Via San Liborio,Napoli
80134,Via Mezzocannone,Napoli
80132,Via Heinrich Schliemann,Napoli
80133,Via Ferdinando del Carretto,Napoli
80141,Piazza Carlo III,Napoli
80134,Vico Due Porte a Toledo,
80134,Vico Due Porte a Toledo,
80132,Via Portacarrese a Montecalvario,
80134,Via Montecalvario,
80134,Vico Due Porte a Toledo,
80134,Vico Due Porte a Toledo,
80134,Vico Due Porte a Toledo,
80134,Via Montecalvario,
80134,Via Montecalvario,
80134,Vico Due Porte a Toledo,
80132,Piazzetta Matilde Serao,Napoli
80122,Piazza della Repubblica,Napoli
80147,Via Bartolo Longo,Napoli
80147,Via Luca Pacioli,Napoli
80147,Via Argine,Napoli
80147,Via Argine,Napoli
80147,Via Argine,Napoli
80142,Corso Arnaldo Lucci,Napoli
80138,Corso Umberto Primo,Napoli
80135,Via Giuseppe Mancinelli,Napoli
80125,Viale della Liberazione,Napoli
80125,Via Vitale Agrillo,Napoli
80125,Via Diocleziano,
80131,Via Sant'Antonio a Capodimonte,Napoli
80127,Via Domenico Cimarosa,Napoli
80125,Via Giulio Cesare,Napoli
80122,Riviera di Chiaia,Napoli
80137,Vico Buongiorno,
80122,Corso vittorio emanuele,Napoli
80125,Via Giacomo Leopardi,
80137,Via dei Vergini,
80135,Via Francesco Saverio Correra,Napoli
80135,Via Francesco Saverio Correra,Napoli
80135,Via Francesco Saverio Correra,Napoli
80137,Via Arena della Sanità,
80127,Viale Albino Albini,Napoli
80132,Via Raffaele de Cesare,Napoli
80134,Via Benedetto Croce,Napoli
80123,Via Posillipo,Napoli
80138,Vico Giuseppe Maffei,Napoli
80142,Via Venezia,
80133,Via Cesare Battisti,Napoli
80138,Via San Biagio dei Librai,
80133,Via Agostino Depretis,
80137,Piazza Cavour,Napoli
80126,Via Michelangelo da Caravaggio,Napoli
80125,Piazzale Vincenzo Tecchio,Napoli
80124,Viale Campi Flegrei,Bagnoli
80139,Via Carbonara,
80123,Via Alessandro Manzoni,Napoli
80147,Via Argine,Napoli
80147,Via Argine,Napoli
80147,Via Argine,Napoli
80123,Via Francesco Petrarca,Napoli
80123,Via Posillipo,Napoli
80123,Via Posillipo,Napoli
80100,Via Alessandro Manzoni,Napoli
80134,Piazzetta Sette Settembre,
80121,Via Partenope,Napoli
80121,Via Partenope,
80126,Via Michelangelo da Caravaggio,Napoli
80141,Corso Giuseppe Garibaldi,
80133,Via Agostino Depretis,
80147,Via Bartolo Longo,Napoli
80128,Via Luigi Caldieri,
80100,Galleria Principe di Nsapoli,Napoli
80128,Via Giuseppe Orsi,
80134,Vico Paradiso,Napoli
80134,Vico Lungo Teatro Nuovo,Napoli
80134,Vico Lungo Teatro Nuovo,Napoli
80134,Via Montecalvario,Napoli
80134,Via Montecalvario,Napoli
80134,Via Montecalvario,Napoli
80100,Via del Fiumicello,
80124,Via Coroglio,Napoli
80131,Viale Privato RAI,Napoli
80137,Via Fonseca,Napoli
80132,Via Santa Brigida,
80121,Via Domenico Morelli,Napoli
80138,Via Duomo,Napoli
80138,Via Duomo,Napoli
80138,Via Duomo,Napoli
80138,Via Duomo,Napoli
80138,Via Duomo,Napoli
80138,Via Duomo,Napoli
80146,Via Ferrante Imparato,
80134,Via Mezzocannone,Napoli
80125,Via Diocleziano,Napoli
80128,Via Vincenzo Gemito,Napoli
80123,Via Michelangelo da Caravaggio,
80125,Via Lepanto,
80125,Viale Augusto,
80125,Piazzale Vincenzo Tecchio,
80125,Via Giulio Cesare,
80145,Strada Provinciale Santa Maria a Cubito,Chiaiano
80125,Viale Augusto,Napoli
80139,Via Cesare Rosaroll,Napoli
80139,Via Cesare Rosaroll,Napoli
80139,Via Cesare Rosaroll,Napoli
80139,Via Cesare Rosaroll,Napoli
80139,Via Cesare Rosaroll,Napoli
80139,,Napoli
80139,Via Cesare Rosaroll,Napoli
80139,Via Cesare Rosaroll,Napoli
80122,Via Giuseppe Martucci,
80100,,Napoli
80123,Via Posillipo,Napoli
80123,Via Posillipo,Napoli
80123,Via Vincenzo Padula,Napoli
80123,Via Alessandro Manzoni,Napoli
80123,Via Vincenzo Padula,Napoli
80123,Via Alessandro Manzoni,Napoli
80134,Via Santa Lucia al Monte,Napoli
80132,Vico Conte di Mola,Napoli
80134,Via Nuova Marina,Napoli
80133,Via Alcide De Gasperi,Napoli
80133,Via Alcide De Gasperi,Napoli
80138,Via dei Tribunali,
80100,Via San Bartolomeo,
80123,Via Francesco Petrarca,Napoli
80122,via Riviera di Chiaia,Napoli
80133,Piazza Giacomo Matteotti,Napoli
80133,Via Guglielmo Oberdan,Napoli
80133,Piazza Giacomo Matteotti,Napoli
80143,Corso Meridionale,Napoli
80145,Cupa vecchia Napoli,Napoli
80121,Via Santa Caterina,Napoli
80122,Viale Antonio Gramsci,Napoli
80132,Via Gennaro Serra,
80134,Via Mezzocannone,Napoli
80123,Via Francesco Petrarca,Napoli
80122,Via Giordano Bruno,Napoli
80127,Via Raffaele Morghen,Napoli
80132,Via San Carlo,Napoli
80139,Via Foria,Napoli
80137,Piazza Mario Pagano,Napoli
80139,Via dell'Annunziata,Napoli
80122,Salita Della Grotta 23,Napoli
80121,Largo Principessa Rosina Pignatelli,Napoli
80121,Via Francesco Caracciolo,Napoli
80141,Calata Capodichino,Napoli
80135,Via Avellino a Tarsia,Napoli
80134,Via Francesco de Sanctis,
80123,Discesa Coroglio,Napoli
80123,Via Posillipo,Napoli
80126,Corso Duca D'Aosta,Pianura
80122,Piazza della Repubblica,Napoli
80131,Salita Moiariello,Napoli
80134,Rampe San Giovanni Maggiore,Napoli
80133,Calata di Massa,Napoli
80132,Via Santa Brigida,Napoli
80121,Via Carlo Poerio,Napoli
80133,Via Medina,Napoli
80134,Via Toledo,Napoli
80134,Corso Umberto Primo,Napoli
80134,Via Mezzocannone,Napoli
80129,Via Tito Angelini,Napoli
80123,Via del Parco Primavera,Napoli
80123,Via Posillipo,Napoli
80123,Via Posillipo,Napoli
80123,Via Posillipo,Napoli
80129,Viale Michelangelo,Napoli
80041,Via Arenaccia,Napoli
80144,Viale Umberto Maddalena,
80144,Viale Umberto Maddalena,
80125,Cupa Starza,Napoli
80125,Viale J. F. Kennedy,Napoli
80125,Via Guglielmo Marconi,Napoli
80124,Via Coroglio,Napoli
80125,Via Diocleziano,Napoli
80125,Via Diocleziano,Napoli
80124,Via Nuova Agnano,Napoli
80124,Via Nuova Agnano,Napoli
80125,Via Giacomo Leopardi,Napoli
80125,Via Filippo Illuminato,Napoli
80125,Via Enea Zanfagna,Napoli
80124,,Bagnoli
80133,Via Medina,Napoli
80133,Via Medina,Napoli
80133,Via Ponte di Tappia,Napoli
80133,Via Armando Diaz,Napoli
80133,Via Medina,Napoli
80132,Via Santa Brigida,Napoli
80132,Piazza Trieste e Trento,Napoli
80134,Via Monteoliveto,Napoli
80134,Via Portamedina alla Pignasecca,Napoli
80132,Piazza del Plebiscito,Napoli
80135,Salita Pontecorvo,Napoli
80144,Via Arcangelo Ghisleri,Napoli
80142,Via Antonietta De Pace,
80126,Via Montagna Spaccata,Napoli
80126,Via Luigi Santamaria,Pianura
80131,Via Saverio Gatto,Napoli
80147,Via Emilio Salgari,Napoli
80145,Viale della Resistenza,Napoli
80125,Via Arturo Labriola,Napoli
80147,,Napoli
80134,Via Mezzocannone,Napoli
80132,Via Toledo,Napoli
80138,Strada Pisanelli,Napoli
80138,Vicoletto Storto del Purgatorio ad Arco,Napoli
80138,Vico Cinquesanti,Napoli
80126,Via Michelangelo da Caravaggio,Napoli
80126,Via Michelangelo da Caravaggio,Napoli
80138,Via Duomo,Napoli
80139,Piazza Vincenzo Calenda,Napoli
80139,Via Antonio Ranieri,Napoli
80143,Via della Stadera,Napoli
80143,Via della Stadera,Napoli
80143,Via della Stadera,Napoli
80138,Via Pietro Trinchera,Napoli
80139,Via Giuseppe Calasanzio,Napoli
80147,Via Angelo Camillo De Meis,Napoli
80147,Via Mario Pomilio,Napoli
80131,Salita Moiariello,Napoli
80131,Via Bosco di Capodimonte,Napoli
80121,Via Partenope,Napoli
80121,Piazza dei Martiri,Napoli
80132,Piazza Santa Maria degli Angeli,Napoli
80121,Via del Parco Margherita,Napoli
80135,Via Filippo Rega,Napoli
80132,Piazzetta Duca d'Aosta,Napoli
80121,Via del Parco Margherita,Napoli
80121,Via Francesco Crispi,Napoli
80121,Via Francesco Crispi,Napoli
80121,Via Francesco Crispi,Napoli
80121,Via Giuseppe Martucci,Napoli
80121,Via Francesco Crispi,Napoli
80121,Via Vittoria Colonna,Napoli
80121,Via Vittoria Colonna,Napoli
80121,Via Vittoria Colonna,Napoli
80121,Piazza Amedeo,Napoli
80121,Via Giuseppe Martucci,Napoli
80121,Via Giacomo Piscicelli,Napoli
80121,Via Giacomo Piscicelli,Napoli
80121,Via Giacomo Piscicelli,Napoli
80121,Via Giacomo Piscicelli,Napoli
80121,Via Giacomo Piscicelli,Napoli
80121,Via Giacomo Piscicelli,Napoli
80121,Via Giacomo Piscicelli,Napoli
80121,Via Giuseppe Martucci,Napoli
80121,Via Giacomo Piscicelli,Napoli
80121,Via Santa Maria in Portico,Napoli
80121,Via Santa Maria in Portico,Napoli
80121,Via Giuseppe Fiorelli,Napoli
80121,Via Giuseppe Fiorelli,Napoli
80121,Via Giuseppe Fiorelli,Napoli
80121,Via Giuseppe Fiorelli,Napoli
80121,Via Carlo Poerio,Napoli
80121,Via Carlo Poerio,Napoli
80121,Via Carlo Poerio,Napoli
80121,Via Giuseppe Ferrigni,Napoli
80121,Vico Belledonne a Chiaia,Napoli
80121,Vico Belledonne a Chiaia,Napoli
80121,Vico Belledonne a Chiaia,Napoli
80121,Vico Belledonne a Chiaia,Napoli
80121,Via Giuseppe Ferrigni,Napoli
80121,Via Giuseppe Ferrigni,Napoli
80121,Via Giuseppe Ferrigni,Napoli
80121,Via Giuseppe Ferrigni,Napoli
80121,Via Giuseppe Ferrigni,Napoli
80121,Via Domenico Morelli,Napoli
80121,Piazza dei Martiri,Napoli
80121,Via Domenico Morelli,Napoli
80121,Via Domenico Morelli,Napoli
80121,Via Vannella Gaetani,Napoli
80121,Via Calabritto,Napoli
80121,Via Vannella Gaetani,Napoli
80121,Via Vannella Gaetani,Napoli
80121,Via Vannella Gaetani,Napoli
80121,Piazza Vittoria,Napoli
80121,Piazza Vittoria,Napoli
80121,Via Domenico Morelli,Napoli
80121,Via Domenico Morelli,Napoli
80121,Via Domenico Morelli,Napoli
80121,Via Santa Caterina,Napoli
80121,Via Santa Caterina,Napoli
80121,Via Santa Caterina,Napoli
80121,Vico Santa Maria a Cappella Vecchia,Napoli
80121,Vico Santa Maria a Cappella Vecchia,Napoli
80121,Vico Santa Maria a Cappella Vecchia,Napoli
80121,Vico Santa Maria a Cappella Vecchia,Napoli
80121,Vico Santa Maria a Cappella Vecchia,Napoli
80121,Via Alabardieri,Napoli
80121,Via Alabardieri,Napoli
80121,Via Carlo Poerio,Napoli
80121,Via Bisignano,Napoli
80121,Via Bisignano,Napoli
80121,Via Bisignano,Napoli
80121,Via Bisignano,Napoli
80121,Via Alabardieri,Napoli
80121,Via Giuseppe Ferrigni,Napoli
80121,Vico dei Sospiri,Napoli
80121,Via Bisignano,Napoli
80121,Via Giuseppe Ferrigni,Napoli
80121,Vico dei Sospiri,Napoli
80121,Via Nicola Nisco,Napoli
80121,Via dei Mille,Napoli
80121,Via dei Mille,Napoli
80121,Via dei Mille,Napoli
80121,Via Gaetano Filangieri,Napoli
80121,Via Gaetano Filangieri,Napoli
80121,Via Gaetano Filangieri,Napoli
80121,Via Gaetano Filangieri,Napoli
80121,Via Nicola Nisco,Napoli
80121,Largo del Vasto a Chiaia,Napoli
80121,Via Nicola Nisco,Napoli
80121,Via della Cavallerizza,Napoli
80121,Via della Cavallerizza,Napoli
80121,Via della Cavallerizza,Napoli
80121,Via dei Mille,Napoli
80121,Via della Cavallerizza,Napoli
80121,Via della Cavallerizza,Napoli
80121,Via della Cavallerizza,Napoli
80121,Via della Cavallerizza,Napoli
80121,Via Gaetano Filangieri,Napoli
80121,Piazzetta Giulio Rodinò,Napoli
80121,Via Gaetano Filangieri,Napoli
80121,Piazzetta Giulio Rodinò,Napoli
80121,Via Vito Fornari,Napoli
80121,Via della Cavallerizza,Napoli
80121,Via della Cavallerizza,Napoli
80121,Largo Ferrandina,Napoli
80121,Via della Cavallerizza,Napoli
80121,Vicoletto Belledonne a Chiaia,Napoli
80121,Via della Cavallerizza,Napoli
80121,Vicoletto Belledonne a Chiaia,Napoli
80121,Via della Cavallerizza,Napoli
80121,Via della Cavallerizza,Napoli
80121,Via della Cavallerizza,Napoli
80121,Via Bisignano,Napoli
80121,Via Bisignano,Napoli
80121,Vico Belledonne a Chiaia,Napoli
80121,Vicoletto Belledonne a Chiaia,Napoli
80121,Vicoletto Belledonne a Chiaia,Napoli
80121,Via Achille Torelli,Napoli
80121,Via dei Mille,Napoli
80121,Via San Pasquale a Chiaia,Napoli
80121,Via San Pasquale a Chiaia,Napoli
80121,Via del Parco Margherita,Napoli
80121,Via del Parco Margherita,Napoli
80121,Via del Parco Margherita,Napoli
80121,Vico del Vasto a Chiaia,Napoli
80121,Via del Parco Margherita,Napoli
80121,Via del Parco Margherita,Napoli
80121,Piazza Amedeo,Napoli
80121,Piazza Amedeo,Napoli
80121,Via del Parco Margherita,Napoli
80121,Via del Parco Margherita,Napoli
80121,Via del Parco Margherita,Napoli
80121,Via del Parco Margherita,Napoli
80121,Via del Parco Margherita,Napoli
80121,Via del Parco Margherita,Napoli
80121,Via del Parco Margherita,Napoli
80121,Via del Parco Margherita,Napoli
80121,Via del Parco Margherita,Napoli
80121,Via del Parco Margherita,Napoli
80121,Via Santa Caterina,Napoli
80121,Via Santa Caterina,Napoli
80121,Via Alabardieri,Napoli
80121,Via Alabardieri,Napoli
80121,Via Alabardieri,Napoli
80121,Via Alabardieri,Napoli
80121,Vico II Alabardieri,Napoli
80121,Vico II Alabardieri,Napoli
80121,Via Gaetano Filangieri,Napoli
80121,Via Gaetano Filangieri,Napoli
80121,Via Gaetano Filangieri,Napoli
80121,Piazzetta Giulio Rodinò,Napoli
80121,Vico II Alabardieri,Napoli
80121,Via Gaetano Filangieri,Napoli
80121,Via Santa Caterina,Napoli
80121,Via Santa Caterina,Napoli
80121,Piazza dei Martiri,Napoli
80121,Piazza dei Martiri,Napoli
80121,Via della Cavallerizza,Napoli
80121,Via della Cavallerizza,Napoli
80121,Via Bisignano,Napoli
80121,Via Alabardieri,Napoli
80121,Via Alabardieri,Napoli
80121,Vico II Alabardieri,Napoli
80121,Vico II Alabardieri,Napoli
80121,Via Carlo Poerio,Napoli
80121,Via Calabritto,Napoli
80121,Via Calabritto,Napoli
80121,Via Calabritto,Napoli
80121,Via Calabritto,Napoli
80121,Via Calabritto,Napoli
80121,Via Calabritto,Napoli
80121,Via Calabritto,Napoli
80121,Via Calabritto,Napoli
80121,Via Calabritto,Napoli
80121,Riviera di Chiaia,Napoli
80121,Riviera di Chiaia,Napoli
80121,Vico Satriano,Napoli
80121,Vico Satriano,Napoli
80121,Via Carlo Poerio,Napoli
80121,Vico Satriano,Napoli
80121,Via Carlo Poerio,Napoli
80121,Vico Satriano,Napoli
80121,Vico Satriano,Napoli
80121,Vico Satriano,Napoli
80121,Via Carlo Poerio,Napoli
80121,Via Carlo Poerio,Napoli
80121,Via Carlo Poerio,Napoli
80121,Via Carlo Poerio,Napoli
80121,Via Carlo Poerio,Napoli
80121,Via Carlo Poerio,Napoli
80121,Via Carlo Poerio,Napoli
80121,Vico Ischitella,Napoli
80121,Riviera di Chiaia,Napoli
80121,Riviera di Chiaia,Napoli
80121,Riviera di Chiaia,Napoli
80121,Riviera di Chiaia,Napoli
80121,Riviera di Chiaia,Napoli
80121,Riviera di Chiaia,Napoli
80121,Riviera di Chiaia,Napoli
80121,Riviera di Chiaia,Napoli
80121,Riviera di Chiaia,Napoli
80121,Riviera di Chiaia,Napoli
80121,Riviera di Chiaia,Napoli
80121,Riviera di Chiaia,Napoli
80121,Vico Satriano,Napoli
80121,Via Giosuè Carducci,Napoli
80121,Via Giosuè Carducci,Napoli
80121,Piazza San Pasquale a Chiaia,Napoli
80121,Piazza San Pasquale a Chiaia,Napoli
80121,Vico Ischitella,Napoli
80121,Vico Ischitella,Napoli
80121,Vico Ischitella,Napoli
80121,Riviera di Chiaia,Napoli
80121,Riviera di Chiaia,Napoli
80121,Via Carlo Poerio,Napoli
80121,Via Carlo Poerio,Napoli
80121,Via Carlo Poerio,Napoli
80121,Riviera di Chiaia,Napoli
80121,Via Carlo Poerio,Napoli
80121,Riviera di Chiaia,Napoli
80132,Via Giovanni Nicotera,Napoli
80132,Via Giovanni Nicotera,Napoli
80132,Via Giovanni Nicotera,Napoli
80132,Via Giovanni Nicotera,Napoli
80121,Vico Santa Teresella degli Spagnoli,Napoli
80121,Via Santa Teresella degli Spagnoli,Napoli
80132,Via Santa Teresella degli Spagnoli,Napoli
80132,Via Giovanni Nicotera,Napoli
80132,Via Santa Teresella degli Spagnoli,Napoli
80132,Vico Monteroduni,Napoli
80132,Vico Monteroduni,Napoli
80132,Vico Monteroduni,Napoli
80132,Vico Monteroduni,Napoli
80132,Via Giovanni Nicotera,Napoli
80132,Via Santa Teresella degli Spagnoli,Napoli
80132,Vico Monteroduni,Napoli
80132,Vico Monteroduni,Napoli
80132,Via Giovanni Nicotera,Napoli
80132,Via Giovanni Nicotera,Napoli
80132,Via Giovanni Nicotera,Napoli
80132,Via Giovanni Nicotera,Napoli
80132,Vico Monteroduni,Napoli
80132,Vico Monteroduni,
80121,Via Chiaia,Napoli
80121,Via Chiaia,Napoli
80121,Via Chiaia,Napoli
80121,Via Chiaia,Napoli
80121,Via Chiaia,Napoli
80121,Via Chiaia,Napoli
80121,Via Chiaia,Napoli
80121,Via Chiaia,Napoli
80121,Via Chiaia,Napoli
80121,Via Chiaia,Napoli
80121,Via Chiaia,Napoli
80121,Via Chiaia,Napoli
80121,Via Chiaia,Napoli
80121,Via Chiaia,Napoli
80121,Via Chiaia,Napoli
80121,Vicoletto Sant'Arpino,Napoli
80121,Vicoletto Sant'Arpino,Napoli
80121,Vicoletto Sant'Arpino,Napoli
80121,Vicoletto Sant'Arpino,Napoli
80121,Vicoletto Sant'Arpino,Napoli
80121,Vicoletto Sant'Arpino,Napoli
80121,Vicoletto Sant'Arpino,Napoli
80132,Piazza Santa Maria degli Angeli,Napoli
80132,Piazza Santa Maria degli Angeli,Napoli
80121,Vico Santa Maria a Cappella Vecchia,Napoli
80121,Vico Santa Maria a Cappella Vecchia,Napoli
80121,Vico Santa Maria a Cappella Vecchia,Napoli
80121,Via Domenico Morelli,Napoli
80121,Rampa privata Caprioli,Napoli
80132,Via Nunziatella,Napoli
80132,Via Solitaria,Napoli
80132,Vico Solitaria,Napoli
80132,Vico Solitaria,Napoli
80132,Via Pallonetto a Santa Lucia,Napoli
80132,Via Pallonetto a Santa Lucia,Napoli
80132,Via Pallonetto a Santa Lucia,Napoli
80132,Vico Solitaria,Napoli
80132,Vico Solitaria,Napoli
80132,Via Pallonetto a Santa Lucia,Napoli
80132,Via Pallonetto a Santa Lucia,Napoli
80132,Vico Solitaria,Napoli
80132,Vico Solitaria,Napoli
80132,Via Pallonetto a Santa Lucia,Napoli
80132,Via Pallonetto a Santa Lucia,Napoli
80132,Vico Solitaria,Napoli
80132,Via Egiziaca a Pizzofalcone,Napoli
80132,Via Monte di Dio,Napoli
80132,Via Monte di Dio,Napoli
80132,Via Egiziaca a Pizzofalcone,Napoli
80132,Via Egiziaca a Pizzofalcone,Napoli
80132,Via Nunziatella,Napoli
80132,Via Nunziatella,Napoli
80132,Via Egiziaca a Pizzofalcone,Napoli
80132,Via Pallonetto a Santa Lucia,Napoli
80132,Via Pallonetto a Santa Lucia,Napoli
80132,Via Egiziaca a Pizzofalcone,Napoli
80132,Via Egiziaca a Pizzofalcone,Napoli
80132,Via Pallonetto a Santa Lucia,Napoli
80132,Via Egiziaca a Pizzofalcone,Napoli
80132,Via Egiziaca a Pizzofalcone,Napoli
80132,Via Egiziaca a Pizzofalcone,Napoli
80132,Via Solitaria,Napoli
80132,Via Solitaria,Napoli
80132,Via Solitaria,Napoli
80132,Via Pallonetto a Santa Lucia,Napoli
80132,Via Pallonetto a Santa Lucia,Napoli
80132,Via Pallonetto a Santa Lucia,Napoli
80132,Via Pallonetto a Santa Lucia,Napoli
80132,Via Egiziaca a Pizzofalcone,Napoli
80132,Supportico degli Astuti,Napoli
80132,Supportico degli Astuti,Napoli
80132,Supportico degli Astuti,Napoli
80132,Via Egiziaca a Pizzofalcone,Napoli
80132,Via Nuova Pizzofalcone,Napoli
80132,Vico Egiziaca,Napoli
80132,Vico Egiziaca,Napoli
80132,Via Nuova Pizzofalcone,Napoli
80132,Via Nuova Pizzofalcone,Napoli
80132,Via Solitaria,Napoli
80132,Via Solitaria,Napoli
80132,Via Solitaria,Napoli
80132,Via Nuova Pizzofalcone,Napoli
80132,Via Nuova Pizzofalcone,Napoli
80132,Via Gennaro Serra,Napoli
80132,Via Gennaro Serra,Napoli
80132,Via Gennaro Serra,Napoli
80132,Via Gennaro Serra,Napoli
80132,Via Nuova Pizzofalcone,Napoli
80132,Vico Santo Spirito di Palazzo,Napoli
80132,Via Nuova Pizzofalcone,Napoli
80132,Via Nuova Pizzofalcone,Napoli
80132,Via Egiziaca a Pizzofalcone,Napoli
80132,Via Nuova Pizzofalcone,Napoli
80132,Via Egiziaca a Pizzofalcone,Napoli
80132,Piazza Carolina,Napoli
80132,Vico Santo Spirito di Palazzo,Napoli
80132,Via Chiaia,Napoli
80132,Vico Santo Spirito di Palazzo,Napoli
80132,Via Chiaia,Napoli
80132,Via Chiaia,Napoli
80132,Via Chiaia,Napoli
80132,Via Chiaia,Napoli
80132,Via Chiaia,Napoli
80132,Via Chiaia,Napoli
80132,Via Chiaia,Napoli
80132,Via Chiaia,Napoli
80132,Via Chiaia,Napoli
80132,Via Chiaia,Napoli
80132,Via Chiaia,Napoli
80132,Vico Santo Spirito di Palazzo,Napoli
80132,Via Chiaia,Napoli
80132,Via Chiaia,Napoli
80132,Piazza Santa Maria degli Angeli,Napoli
80132,Vico Sant'Anna di Palazzo,Napoli
80132,Via Nardones,Napoli
80132,Gradoni di Chiaia,Napoli
80132,Via Santa Teresella degli Spagnoli,Napoli
80132,Via Santa Teresella degli Spagnoli,Napoli
80132,Via Santa Teresella degli Spagnoli,Napoli
80132,Via Santa Teresella degli Spagnoli,Napoli
80132,Vico Santa Teresella degli Spagnoli,Napoli
80132,Vico Santa Teresella degli Spagnoli,
80132,Vico Santa Teresella degli Spagnoli,Napoli
80132,Vico Mortelle,Napoli
80132,Vico Mortelle,Napoli
80132,Vico Santa Teresella degli Spagnoli,Napoli
80132,Via San Pantaleone,Napoli
80132,Via Santa Caterina da Siena,Napoli
80132,Via Santa Caterina da Siena,Napoli
80132,Via Santa Caterina da Siena,Napoli
80132,Via Giovanni Nicotera,Napoli
80132,Vico Maddalenella degli Spagnoli,Napoli
80132,Vico Sergente Maggiore,Napoli
80132,Vico Storto Sant'Anna di Palazzo,Napoli
80132,Vico Storto Sant'Anna di Palazzo,Napoli
80132,Vico Sant'Anna di Palazzo,Napoli
80132,Piazzetta Sant'Anna di Palazzo,Napoli
80132,Via Toledo,Napoli
80132,Via Carlo De Cesare,Napoli
80127,Largo Domenico Martuscelli,Napoli
80136,Via Fontanelle,
80135,Corso Vittorio Emanuele,Napoli
80132,Vico Cariati,Napoli
80132,Vico Cariati,Napoli
80132,Vico Caricatoio,Napoli
80132,Vico Caricatoio,Napoli
80132,Vico Caricatoio,Napoli
80132,Vico Cariati,Napoli
80132,Vico Caricatoio,Napoli
80132,Vico Caricatoio,Napoli
80132,Vico Caricatoio,Napoli
80132,Corso Vittorio Emanuele,Napoli
80132,Vico Cariati,Napoli
80132,Vico Cariati,Napoli
80132,Vico Cariati,Napoli
80132,Vico San Sepolcro,Napoli
80078,Via San Gennaro Agnano,Pozzuoli
80132,,Napoli
80132,Corso Vittorio Emanuele,Napoli
80132,Vico Santa Maria Apparente,Napoli
80135,Vico San Carlo alle Mortelle,Napoli
80135,Vico San Carlo alle Mortelle,Napoli
80135,Corso Vittorio Emanuele,Napoli
80135,Vico Santa Maria Apparente,Napoli
80121,Vico del Vasto a Chiaia,Napoli
80132,Vico Sant'Anna di Palazzo,Napoli
80123,Via Alessandro Manzoni,Napoli
80122,,Napoli
80131,Via Gabriele Jannelli,Napoli
80131,Via Gabriele Jannelli,Napoli
80137,Via dei Vergini,Napoli
80137,Via dei Vergini,Napoli
80137,Vico Croce ai Miracoli,Napoli
80126,Via Cintia,
80134,Via Concezione a Montecalvario,
80127,Via Francesco Solimena,Napoli
80134,Via Toledo,Napoli
80121,Via San Pasquale a Chiaia,
80137,Via Mario Pagano,Napoli
80137,Supportico Lopez,
80134,Vico I Portapiccola a Montecalvario,
80127,Via Filippo Palizzi,Napoli
80131,Via Antonio Cardarelli,Napoli
80129,Viale Michelangelo,Napoli
80129,Via Suarez,Napoli
80129,Viale Michelangelo,Napoli
80129,Viale Michelangelo,Napoli
80129,Viale Michelangelo,Napoli
80131,Via Camaldolilli,Napoli
80143,Via Marino di Caramanico,Napoli
80129,Viale Michelangelo,Napoli
80129,Viale Michelangelo,Napoli
80129,Viale Michelangelo,Napoli
80129,Viale Michelangelo,Napoli
80123,Via Francesco Petrarca,Napoli
80123,Via Francesco Petrarca,Napoli
80123,Via Francesco Petrarca,Napoli
80123,Via Francesco Petrarca,Napoli
80123,Via Francesco Petrarca,Napoli
80123,Via Posillipo,Napoli
80123,Via Posillipo,Napoli
80123,Via Posillipo,Napoli
80123,Via Posillipo,Napoli
80123,Via del Marzano,Napoli
80121,Via Francesco Petrarca,Napoli
80123,Via Posillipo,Napoli
80123,Via Posillipo,Napoli
80123,Via Posillipo,Napoli
80123,Via Posillipo,Napoli
80123,Via Posillipo,Napoli
80123,Via Posillipo,Napoli
80123,Via del Parco Primavera,Napoli
80123,Via Posillipo,Napoli
80123,Via Posillipo,Napoli
80123,Via Posillipo,Napoli
80123,Via Posillipo,Napoli
80123,Via Posillipo,Napoli
80123,Via Posillipo,Napoli
80123,Via Posillipo,Napoli
80126,Via Alberto Moravia,napoli
80126,Via Risorgimento,Napoli
80126,Via Nabucco,
80135,Corso Vittorio Emanuele,Napoli
80136,Via Alessandro Telesino,Napoli
80144,Via Provinciale di Caserta,napoli
80123,Via Torre Cervati,Napoli
80121,Via Giovanni Bausan,Napoli
80131,Via Cangiani,Napoli
80144,Corso Secondigliano,Napoli
80143,Via Nazionale delle Puglie,Napoli
80143,Via Provinciale Botteghelle,Napoli
80126,Via Artemisia Gentileschi,Napoli
80126,Via Eleonora Duse,Napoli
80139,Piazza Vincenzo Calenda,Napoli
80147,Via Argine,Napoli
80147,Via Commissario Ammaturo,Napoli
80147,Viale Fratelli Grimm,Napoli
80147,Via Luigi Volpicella,Napoli
80141,Via Fontanelle al Trivio,Napoli
80145,Via comunale del Principe,Napoli
80145,Via comunale del Principe,Napoli
80145,Via comunale del Principe,Napoli
80145,Via comunale del Principe,Napoli
80145,Via comunale del Principe,Napoli
80145,Via comunale del Principe,Napoli
80145,Via comunale del Principe,Napoli
80145,Via comunale del Principe,Napoli
80145,Via comunale del Principe,Napoli
80145,Via comunale del Principe,Napoli
80145,Via comunale del Principe,Napoli
80145,Via comunale del Principe,Napoli
80146,Via Bernardo Quaranta,Napoli
80147,Via Luigi Volpicella,Napoli
80145,Via comunale del Principe,Napoli
80145,Via comunale del Principe,Napoli
80145,Via comunale del Principe,Napoli
80145,Via comunale del Principe,Napoli
80131,Via Comunale Guantai ad Orsolone,Napoli
80146,Via Sorrento,Napoli
80146,Piazza Capri,Napoli
80146,Piazza Capri,Napoli
80146,Via Taverna del Ferro,Napoli
80123,Via Stazio,Napoli
80147,Via Argine,Napoli
80144,Via Baku,Napoli
80144,Via Arcangelo Ghisleri,Napoli
80144,via Arcangelo Ghisleri,Napoli
80133,Molo Angioino,Napoli
80134,Via Nuova Marina,Napoli
80123,Via Posillipo,Napoli
80123,Salita del Casale,Napoli
80147,Via Argine,Napoli
80147,Via Angelo Camillo De Meis,Napoli
80145,Via Antonio Labriola,Napoli
80145,Via Antonio Labriola,Napoli
80145,Via Antonio Labriola,Napoli
80145,Via Antonio Labriola,Napoli
80145,Via Antonio Labriola,Napoli
80146,Via Pietrarsa,Napoli
80139,Via Carriera Grande,
80139,Piazza Principe Umberto,Napoli
80139,Via Carriera Grande,Napoli
80125,Viale Maria Bakunin,Napoli
80142,Via Emanuele Gianturco,Napoli
80147,Via Ferrante Imparato,Napoli
80121,Via del Parco Margherita,Napoli
80121,Via del Parco Margherita,Napoli
80145,Via comunale del Principe,Napoli
80123,Via Alessandro Manzoni,Napoli
80147,Via Commissario Ammaturo,Napoli
80122,Corso Vittorio Emanuele,Napoli
80123,Via Posillipo,Napoli
80134,Via San Sebastiano,Napoli
80145,Via comunale del Principe,Napoli
80145,Cupa vecchia Napoli,Napoli
80145,Via comunale del Principe,Napoli
80145,Via Vecchia Napoli,Napoli
